{
	"sapBrandColor": "#bad2e8",
	"sapHighlightColor": "#FFFFFF",
	"sapBaseColor": "#bad2e8",
	"sapShellColor": "#2d6699",
	"sapBackgroundColor": "#D9D9D6",
	"sapTextColor": "#000",
	"sapLinkColor": "#204ba2",
	"sapCompanyLogo": "url('../../../../../Base/baseLib/lion/img/misc/sapCompanyLogo.gif')",
	"sapBackgroundImage": "none",
	"sapBackgroundImageOpacity": "1.0",
	"sapBackgroundImageRepeat": "false",
	"sapSelectedColor": "#FFFFFF",
	"sapActiveColor": "#FFFFFF",
	"sapHighlightTextColor": "#000",
	"sapTitleColor": "#000",
	"sapNegativeColor": "#d0001d",
	"sapCriticalColor": "#fffcb5",
	"sapPositiveColor": "#008a3b",
	"sapNeutralColor": "#306898",
	"sapContent_LabelColor": "#000",
	"sapContent_DisabledTextColor": "#999",
	"sapContent_ContrastTextThreshold": "0.75",
	"sapContent_ContrastTextColor": "#fff",
	"sapContent_ForegroundColor": "#83afd8",
	"sapContent_ForegroundBorderColor": "#6691b7",
	"sapContent_ForegroundTextColor": "#000",
	"sapShell_Background": "#2d6699",
	"sapShell_BorderColor": "#1c4972",
	"sapShell_TextColor": "#fff",
	"sapButton_Background": "#f8eeb5",
	"sapButton_BorderColor": "#646464",
	"sapButton_TextColor": "#000",
	"sapButton_Disabled_Background": "#eeead9",
	"sapButton_Disabled_BorderColor": "#949494",
	"sapButton_Disabled_TextColor": "#828282",
	"sapButton_Hover_Background": "#d1d1d1",
	"sapButton_Hover_BorderColor": "#000",
	"sapButton_Hover_TextColor": "#000",
	"sapButton_Emphasized_Background": "#f8eeb5",
	"sapButton_Emphasized_BorderColor": "#010101",
	"sapButton_Emphasized_TextColor": "#000",
	"sapButton_Reject_Background": "#d0001d",
	"sapButton_Accept_Background": "#008a3b",
	"sapField_Background": "#fff",
	"sapField_BorderColor": "#848a8f",
	"sapField_HelpBackground": "#c5d2dd",
	"sapField_Hover_Background": "#fff",
	"sapField_Hover_BorderColor": "#BFBFBF",
	"sapField_Hover_HelpBackground": "#c5d2dd",
	"sapField_Focus_Background": "#fef09e",
	"sapField_Focus_BorderColor": "#BFBFBF",
	"sapField_Focus_HelpBackground": "#c5d2dd",
	"sapField_Disabled_Background": "#e0ebf5",
	"sapField_Disabled_BorderColor": "#a1aeb9",
	"sapField_Disabled_HelpBackground": "#c5d2dd",
	"sapField_ReadOnly_Background": "#e0ebf5",
	"sapField_ReadOnly_BorderColor": "#a1aeb9",
	"sapField_ReadOnly_HelpBackground": "#c5d2dd",
	"sapField_RequiredColor": "#d0001d",
	"sapField_InvalidColor": "#b10019",
	"sapField_InvalidBackground": "#fbe8eb",
	"sapField_WarningColor": "#fffcb5",
	"sapField_WarningBackground": "#fffcb5",
	"sapField_SuccessColor": "#007b34",
	"sapField_SuccessBackground": "#e0f1e7",
	"sapGroup_TitleBackground": "#bad2e8",
	"sapGroup_TitleBorderColor": "#93b4d2",
	"sapGroup_TitleTextColor": "#000",
	"sapGroup_ContentBackground": "#fff",
	"sapGroup_ContentBorderColor": "#7c9ebb",
	"sapGroup_FooterBackground": "#bad2e8",
	"sapToolbar_Background": "#bad2e8",
	"sapToolbar_SeparatorColor": "#fff",
	"sapList_HeaderBackground": "#cfd4d8",
	"sapList_HeaderBorderColor": "#c0c9d3",
	"sapList_HeaderTextColor": "#132739",
	"sapList_BorderColor": "#c0c9d3",
	"sapList_HighlightColor": "#ff7800",
	"sapList_SelectionBackgroundColor": "#FFFFFF",
	"sapList_Background": "#fff",
	"sapList_Hover_Background": "#fff",
	"sapScrollBar_FaceColor": "#c9dced",
	"sapScrollBar_TrackColor": "#e0e0e0",
	"sapScrollBar_BorderColor": "#cdd9e9",
	"sapScrollBar_SymbolColor": "#394550",
	"sapScrollBar_Hover_FaceColor": "#bed5e9",
	"sapPageHeader_Background": "#333333",
	"sapPageHeader_BorderColor": "#A8B8C7",
	"sapPageHeader_TextColor": "#fff",
	"sapPageFooter_Background": "#EAF1F6",
	"sapPageFooter_TextColor": "#000",
	"sapInfobar_Background": "#fff",
	"sapObjectHeader_Background": "#D9D9D6",
	"sapBlockLayer_Background": "#000000",
	"sapTile_Background": "#F2A800",
	"sapTile_BorderColor": "#7c9ebb",
	"sapTile_TextColor": "#FFFFFF",
	"sapUiSelected": "#111177",
	"sapUiActive": "#111177",
	"sapUiContentLabelColor": "#000",
	"sapUiContentDisabledTextColor": "#999",
	"sapUiContentContrastTextThreshold": "0.75",
	"sapUiContentContrastTextColor": "#fff",
	"sapUiContentForegroundColor": "#83afd8",
	"sapUiContentForegroundBorderColor": "#6691b7",
	"sapUiContentForegroundTextColor": "#000",
	"sapUiShellBackground": "#2d6699",
	"sapUiShellBorderColor": "#1c4972",
	"sapUiShellTextColor": "#fff",
	"sapUiButtonBackground": "#f8eeb5",
	"sapUiButtonBorderColor": "#646464",
	"sapUiButtonTextColor": "#000",
	"sapUiButtonDisabledBackground": "#fff",
	"sapUiButtonDisabledBorderColor": "#949494",
	"sapUiButtonDisabledTextColor": "#828282",
	"sapUiButtonHoverBackground": "gray",
	"sapUiButtonHoverBorderColor": "#000",
	"sapUiButtonHoverTextColor": "#000",
	"sapUiButtonEmphasizedBackground": "yellow",
	"sapUiButtonEmphasizedBorderColor": "#646464",
	"sapUiButtonEmphasizedTextColor": "#000",
	"sapUiButtonRejectBackground": "red",
	"sapUiButtonAcceptBackground": "green",
	"sapUiFieldBackground": "#fff",
	"sapUiFieldBorderColor": "#848a8f",
	"sapUiFieldHelpBackground": "#c5d2dd",
	"sapUiFieldHoverBackground": "#fff",
	"sapUiFieldHoverBorderColor": "#BFBFBF",
	"sapUiFieldHoverHelpBackground": "#c5d2dd",
	"sapUiFieldFocusBackground": "#fef09e",
	"sapUiFieldFocusBorderColor": "#BFBFBF",
	"sapUiFieldFocusHelpBackground": "#c5d2dd",
	"sapUiFieldReadOnlyBackground": "#e0ebf5",
	"sapUiFieldReadOnlyBorderColor": "#a1aeb9",
	"sapUiFieldReadOnlyHelpBackground": "#c5d2dd",
	"sapUiFieldDisabledBackground": "#e0ebf5",
	"sapUiFieldDisabledBorderColor": "#a1aeb9",
	"sapUiFieldDisabledHelpBackground": "#c5d2dd",
	"sapUiFieldRequiredColor": "#d0001d",
	"sapUiFieldInvalidColor": "#b10019",
	"sapUiFieldInvalidBackground": "#fbe8eb",
	"sapUiFieldWarningColor": "#fffcb5",
	"sapUiFieldWarningBackground": "#fffcb5",
	"sapUiFieldSuccessColor": "#007b34",
	"sapUiFieldSuccessBackground": "#e0f1e7",
	"sapUiGroupTitleBackground": "#bad2e8",
	"sapUiGroupTitleBorderColor": "#93b4d2",
	"sapUiGroupTitleTextColor": "#000",
	"sapUiGroupContentBackground": "#fff",
	"sapUiGroupContentBorderColor": "#7c9ebb",
	"sapUiGroupFooterBackground": "#bad2e8",
	"sapUiToolbarBackground": "#bad2e8",
	"sapUiToolbarSeparatorColor": "#fff",
	"sapUiListHeaderBackground": "#cfd4d8",
	"sapUiListHeaderBorderColor": "#c0c9d3",
	"sapUiListHeaderTextColor": "#132739",
	"sapUiListBorderColor": "#c0c9d3",
	"sapUiListHighlightColor": "#ff7800",
	"sapUiListSelectionBackgroundColor": "#FFFFFF",
	"sapUiListBackground": "#fff",
	"sapUiListHoverBackground": "#fff",
	"sapUiScrollBarFaceColor": "#c9dced",
	"sapUiScrollBarTrackColor": "#e0e0e0",
	"sapUiScrollBarBorderColor": "#cdd9e9",
	"sapUiScrollBarSymbolColor": "#394550",
	"sapUiScrollBarHoverFaceColor": "#bed5e9",
	"sapUiPageHeaderBackground": "#333333",
	"sapUiPageHeaderBorderColor": "#A8B8C7",
	"sapUiPageHeaderTextColor": "lightgray",
	"sapUiPageFooterBackground": "#EAF1F6",
	"sapUiPageFooterTextColor": "#000",
	"sapUiInfobarBackground": "#fff",
	"sapUiObjectHeaderBackground": "#D9D9D6",
	"sapUiBlockLayerBackground": "#000000",
	"sapUiTileBackground": "#ffffff",
	"sapUiTileBorderColor": "#7c9ebb",
	"sapUiTileTextColor": "#FFFFFF",
	"sapUiBaseColor": "#bad2e8",
	"sapUiHighlightTextColor": "#000",
	"sapUiBaseBG": "#fff",
	"sapUiBrand": "#F0AB00",
	"sapUiHighlight": "#111177",
	"sapUiPurple": "purple",
	"sapUiOrange": "orange",
	"sapUiGreen": "green",
	"sapUiBlue": "blue",
	"sapUiRed": "red",
	"sapUiYellow": "yellow",
	"sapUiBase": "#000",
	"sapUiBaseBorder": "#000",
	"sapUiBaseText": "#000",
	"sapUiBaseLine": "#000",
	"sapUiWhite": "#FFFFFF",
	"sapUiWhiteBG": "#fff",
	"sapUiExtraLightBG": "#fff",
	"sapUiLightBG": "lightgray",
	"sapUiMediumBG": "gray",
	"sapUiDarkBG": "darkgray",
	"sapUiDeepBG": "black",
	"sapUiBlackBG": "#000000",
	"sapUiHoverBG": "grey",
	"sapUiMediumAltBG": "grey",
	"sapUiDarkAltBG": "darkgrey",
	"sapUiButtonStandardBG": "#fff",
	"sapUiButtonEmphasizedBG": "yellow",
	"sapUiButtonNegativeBG": "red",
	"sapUiButtonPositiveBG": "green",
	"sapUiErrorBG": "#FF9A90",
	"sapUiWarningBG": "#FAF2B0",
	"sapUiReadOnlyBG": "grey",
	"sapUiExtraLightText": "lightgray",
	"sapUiLightText": "lightgray",
	"sapUiMediumText": "grey",
	"sapUiDarkText": "darkgrey",
	"sapUiDeepText": "black",
	"sapUiText": "#000",
	"sapUiTextInverted": "#fff",
	"sapUiLink": "#0000FF",
	"sapUiLinkInverted": "#0000FF",
	"sapUiLinkVisited": "#800080",
	"sapUiLinkActive": "#FF0000",
	"sapUiLinkHover": "#FF0000",
	"sapUiNegativeText": "red",
	"sapUiPositiveText": "#B5E7A8",
	"sapUiWhiteBorder": "#fff",
	"sapUiExtraLightBorder": "lightgrey",
	"sapUiLightBorder": "grey",
	"sapUiMediumBorder": "#000",
	"sapUiDarkBorder": "#000",
	"sapUiBlackBorder": "#000",
	"sapUiErrorBorder": "red",
	"sapUiWarningBorder": "yellow",
	"sapUiElement": "lightgrey",
	"sapUiInvertedElement": "#ffffff",
	"sapUiLightLine": "lightgrey",
	"sapUiMediumLine": "grey",
	"sapUiEmphasizedLine": "#111177",
	"sapUiDarkLine": "darkgrey",
	"sapUiLightShadowTint": "#ffffff",
	"sapUiDarkShadowTint": "#000000",
	"sapUiFocus": "#000000",
	"sapUiInvertedFocus": "#ffffff",
	"sapUiListTextColor": "darkgrey",
	"sapUiTableRowBG": "#FFFFFF",
	"sapUiTableRowAlternatingBG": "#FFFFFF",
	"sapUiTableRowSelectionBG": "#111177",
	"sapUiTableRowSelectionReadOnlyBG": "#111177",
	"sapUiTableRowHoverBG": "grey",
	"sapUiListBG": "#f7f7f7",
	"sapUiTextColor": "green",
	"sapUiTextTitleColor": "green",
	"sapUiTextSelectionColor": "green",
	"sapUiTextDisabled": "#999",
	"sapUiTextTitle": "#000",
	"sapUiTextSelection": "#fff",
	"sapUiTextfieldBackground": "#FFFFFF",
	"sapUiLineHeight": "21px",
	"sapUiFontFamily": "Arial,Helvetica,sans-serif",
	"sapUiFontMonospaceFamily": "Lucida Console",
	"sapUiFontSize": "medium",
	"sapUiFontLargeSize": "large",
	"sapUiFontSmallSize": "small",
	"sapUiFontHeader1Size": "xx-large",
	"sapUiFontHeader2Size": "x-large",
	"sapUiFontHeader3Size": "large",
	"sapUiFontHeader4Size": "medium",
	"sapUiFontHeader5Size": "medium",
	"sapUiFontHeader6Size": "medium",
	"sapUiUx3ShellBackgroundColor": "#fff",
	"sapUiUx3ShellHoverColor": "#000",
	"sapUiUx3ShellSideBarBaseWidth": "40px",
	"sapUiUx3ShellPaneOverflowButtonHeight": "120px",
	"sapUiUx3ShellToolPaletteIconFontColor": "#8899aa",
	"sapUiUx3ExactLstExpandOffset": "0 0",
	"sapUiUx3ExactLstRootExpandOffset": "0 3",
	"sapUiUx3ExactLstCollapseWidth": "24px",
	"sapUiUx3ExactLstHeaderHeight": "25px",
	"sapUiUx3ExactLstContentTop": "25px",
	"sapUiNotificationBarBG": "rgba(128,128,128,0.92)",
	"sapUiNotificationBarBG_IE": "grey",
	"sapUiNotifierHoverColor": "#111177",
	"sapUiNotifierSeparator": "grey",
	"sapUiNotificationText": "#000",
	"sapUiNotificationTimestamp": "#545454",
	"sapUiNotificationBarCalloutBorder": "rgba(128,128,128,0)",
	"sapUiNotificationBarCalloutBorder_IE": "grey",
	"sapUiNotificationBarCalloutArr": "rgba(128,128,128,0.92)",
	"sapUiNotificationBarHeight": "40px",
	"sapUiNotificationBarHeightMinimized": "0px",
	"sapUiNotificationBarHeightMaximized": "40%",
	"sapUiNotifierWidth": "40px",
	"sapUiNotifierSeparatorWidth": "2px",
	"sapUiUx3ToolPopupInverted": "true",
	"sapUiUx3ToolPopupArrowWidth": "13px",
	"sapUiUx3ToolPopupArrowHeight": "24px",
	"sapUiUx3ToolPopupArrowRightMarginCorrection": "-2px",
	"sapUiUx3ToolPopupArrowRightMarginCorrectionInverted": "-7px",
	"sapUiUx3TPPaddingBottom": "50px",
	"sapUiButtonIconColor": "#d3d3d3",
	"sapUiButtonActiveBackground": "#111177",
	"sapUiButtonActiveBorderColor": "#111177",
	"sapUiButtonActiveTextColor": "#fff",
	"sapUiButtonEmphasizedDisabledBorderColor": "#646464",
	"sapUiButtonEmphasizedDisabledBackground": "yellow",
	"sapUiButtonEmphasizedHoverBorderColor": "#000",
	"sapUiButtonEmphasizedHoverBackground": "gray",
	"sapUiButtonEmphasizedActiveBorderColor": "#111177",
	"sapUiButtonEmphasizedActiveBackground": "#111177",
	"sapUiButtonAcceptBorderColor": "#646464",
	"sapUiButtonAcceptDisabledBorderColor": "#646464",
	"sapUiButtonAcceptDisabledBackground": "green",
	"sapUiButtonAcceptHoverBorderColor": "#000",
	"sapUiButtonAcceptHoverBackground": "gray",
	"sapUiButtonAcceptActiveBorderColor": "#111177",
	"sapUiButtonAcceptActiveBackground": "#111177",
	"sapUiButtonRejectBorderColor": "#646464",
	"sapUiButtonRejectDisabledBorderColor": "#646464",
	"sapUiButtonRejectDisabledBackground": "red",
	"sapUiButtonRejectHoverBorderColor": "#000",
	"sapUiButtonRejectHoverBackground": "gray",
	"sapUiButtonRejectActiveBorderColor": "#111177",
	"sapUiButtonRejectActiveBackground": "#111177",
	"sapUiButtonLiteBackground": "rgba(0,0,0,0)",
	"sapUiToggleButtonPressedDisabledBackground": "#D8D8E8",
	"sapUiToggleButtonPressedBackground": "#111177",
	"sapUiToggleButtonPressedHoverBackground": "#0e0e61",
	"sapUiPositiveBG": "#B5E7A8",
	"sapUiShadowTint": "#000",
	"sapUiShadow": "5px 5px 10px rgba(0,0,0,0.5)",
	"sapUiThemeDesignerCustomCss": "true",
	"sapUiMarginTiny": "0.5rem",
	"sapUiMarginSmall": "1rem",
	"sapUiMarginMedium": "2rem",
	"sapUiMarginLarge": "3rem",
	"sapUiEscapedEmptyString": "",
	"sapGanttChartTextBlack": "black",
	"sapGanttChartTextWhite": "#FFFFFF",
	"sapGanttChartSplitterBorderColor": "#ccc",
	"sapGanttChartHeaderHeight": "99px",
	"sapGanttChartHeaderBG": "#F7F7F7",
	"sapGanttHeaderBorderColor": "#DDDDDD",
	"sapGanttChartCompactHeaderHeight": "67px",
	"sapGanttChartHeaderDefaultHeight": "83px",
	"sapGanttCursorLineHeaderWidth": "64px",
	"sapGanttCursorLineHeaderHeight": "25px",
	"sapGanttCursorLineStrokeColor": "#1DA9C1",
	"sapGanttCursorLineStrokeWidth": "1",
	"sapGanttCursorLineStrokeDashArray": "none",
	"sapGanttCursorLineBodyStroke": "#1DA9C1",
	"sapGanttCursorLineHeaderCozyHeight": "30px",
	"sapGanttNowLineStroke": "#111177",
	"sapGanttNowLineStrokeWidth": "1",
	"sapGanttNowLineStrokeDashArray": "10, 5",
	"sapGanttVerticalLineStroke": "#DDDDDD",
	"sapGanttVerticalLineStrokeWidth": "1",
	"sapGanttVerticalLineStrokeDashArray": "none",
	"sapGanttExpandChartBG": "#F6F6F6",
	"sapGanttExpandChartText": "#000000",
	"sapGanttToolbarSliderWidth": "200px",
	"sapGanttTimeHeaderSvgTextColor0": "#999999",
	"sapGanttTimeHeaderSvgTextColor1": "black",
	"sapGlobalToolbarCozyHeight": "48px",
	"sapGlobalToolbarCompactHeight": "32px"
}