{
    "resources": [
        {
            "name": "Component.js"
        },
        {
            "name": "extended_runnable_file.html"
        },
        {
            "name": "model/models.js"
        },
        {
            "name": "images/noimage.png"
        },
        {
            "name": "images/undo.png"
        },
        {
            "name": "images/apple-touch-icon.png"
        },
        {
            "name": "images/camera.png"
        },
        {
            "name": "images/safe.png"
        },
        {
            "name": "images/exclamation.png"
        },
        {
            "name": "images/logo.bmp"
        },
        {
            "name": "index.html"
        },
        {
            "name": "preview_hidden.html"
        },
        {
            "name": "control/signature_pad.js"
        },
        {
            "name": "control/mySignPad.js"
        },
        {
            "name": "docs/risk.png"
        },
        {
            "name": "docs/RISK_ASSESSMENT_PROMPT_SHEET.pdf"
        },
        {
            "name": "css/style.css"
        },
        {
            "name": "controller/result.controller.js"
        },
        {
            "name": "controller/risk.controller.js"
        },
        {
            "name": "controller/App.controller.js"
        },
        {
            "name": "controller/main.controller.js"
        },
        {
            "name": "view/main.view.xml"
        },
        {
            "name": "view/risk.view.xml"
        },
        {
            "name": "view/locationSelect.fragment.xml"
        },
        {
            "name": "view/App.view.xml"
        },
        {
            "name": "view/login.fragment.xml"
        },
        {
            "name": "view/result.view.xml"
        },
        {
            "name": "manifest.json"
        },
        {
            "name": "i18n/i18n.properties",
            "raw": "i18n/i18n.properties"
        },
        {
            "name": "Component-preload.js",
            "merged": true
        },
        {
            "name": "neo-app.json"
        }
    ]
}