{
	"sapBrandColor": "#009de0",
	"sapHighlightColor": "#FFFFFF",
	"sapBaseColor": "#808080",
	"sapShellColor": "transparent",
	"sapBackgroundColor": "#D9D9D6",
	"sapFontFamily": "Arial, Helvetica, sans-serif",
	"sapFontSize": "0.75em",
	"sapTextColor": "#000",
	"sapLinkColor": "#00679e",
	"sapCompanyLogo": "url('../../../../../Base/baseLib/lion/img/misc/sapCompanyLogo.gif')",
	"sapBackgroundImage": "none",
	"sapBackgroundImageOpacity": "1.0",
	"sapBackgroundImageRepeat": "true",
	"sapSelectedColor": "#f7b620",
	"sapActiveColor": "#009de0",
	"sapHighlightTextColor": "#000",
	"sapTitleColor": "#333",
	"sapNegativeColor": "#cc1919",
	"sapCriticalColor": "#d14900",
	"sapPositiveColor": "#007833",
	"sapNeutralColor": "#007cc0",
	"sapNegativeElementColor": "#cc1919",
	"sapCriticalElementColor": "#d14900",
	"sapPositiveElementColor": "#007833",
	"sapNeutralElementColor": "#007cc0",
	"sapContent_LineHeight": "1.3",
	"sapContent_ElementHeight": "1.37em",
	"sapContent_ElementHeight_PX": "22px",
	"sapContent_IconHeight": "16px",
	"sapContent_IconColor": "#666",
	"sapContent_ContrastIconColor": "#fff",
	"sapContent_NonInteractiveIconColor": "#666",
	"sapContent_MarkerIconColor": "#007cc0",
	"sapContent_FocusColor": "#000",
	"sapContent_ContrastFocusColor": "#fff",
	"sapContent_ShadowColor": "#000",
	"sapContent_ContrastShadowColor": "#fff",
	"sapContent_SearchHighlightColor": "#fffcb5",
	"sapContent_HelpColor": "#3f8600",
	"sapContent_LabelColor": "#666",
	"sapContent_MonospaceFontFamily": "lucida console, monospace",
	"sapContent_DisabledTextColor": "#ccc",
	"sapContent_DisabledOpacity": "0.5",
	"sapContent_ContrastTextThreshold": "0.65",
	"sapContent_ContrastTextColor": "#fff",
	"sapContent_ForegroundColor": "#e5e5e5",
	"sapContent_ForegroundBorderColor": "#bfbfbf",
	"sapContent_ForegroundTextColor": "#000",
	"sapShell_Background": "#f2f2f2",
	"sapShell_BackgroundImage": "none",
	"sapShell_BackgroundGradient": "none",
	"sapShell_BackgroundImageOpacity": "1.0",
	"sapShell_BackgroundImageRepeat": "true",
	"sapShell_BorderColor": "#ddd",
	"sapShell_TextColor": "#666",
	"sapShell_Favicon": "none",
	"sapButton_BorderWidth": "4px",
	"sapButton_BorderCornerRadius": "5px",
	"sapButton_Background": "#f7f7f7",
	"sapButton_BorderColor": "#bfbfbf",
	"sapButton_TextColor": "#333",
	"sapButton_Disabled_Background": "#e8e8e7",
	"sapButton_Disabled_BorderColor": "#cccccb",
	"sapButton_Disabled_TextColor": "#ccc",
	"sapButton_Hover_Background": "#eaeaea",
	"sapButton_Hover_BorderColor": "#bfbfbf",
	"sapButton_Hover_TextColor": "#333",
	"sapButton_Emphasized_Background": "#009de0",
	"sapButton_Emphasized_BorderColor": "#008bc7",
	"sapButton_Emphasized_TextColor": "#fff",
	"sapButton_Reject_Background": "#cc1919",
	"sapButton_Accept_Background": "#007833",
	"sapField_Background": "#fff",
	"sapField_BorderColor": "#bfbfbf",
	"sapField_TextColor": "#000",
	"sapField_HelpBackground": "#fff",
	"sapField_BorderWidth": "2px",
	"sapField_BorderCornerRadius": "4px",
	"sapField_Hover_Background": "#fff",
	"sapField_Hover_BorderColor": "#BFBFBF",
	"sapField_Hover_HelpBackground": "#FFFFFF",
	"sapField_Focus_Background": "#fff",
	"sapField_Focus_BorderColor": "#BFBFBF",
	"sapField_Focus_HelpBackground": "#fff",
	"sapField_Disabled_Background": "rgba(242,242,242,0.5)",
	"sapField_Disabled_BorderColor": "rgba(191,191,191,0.5)",
	"sapField_Disabled_TextColor": "#ccc",
	"sapField_Disabled_HelpBackground": "rgba(242,242,242,0.5)",
	"sapField_ReadOnly_Background": "rgba(242,242,242,0.5)",
	"sapField_ReadOnly_BorderColor": "#ccc",
	"sapField_ReadOnly_HelpBackground": "rgba(242,242,242,0.5)",
	"sapField_RequiredColor": "#004990",
	"sapField_InvalidColor": "#e52929",
	"sapField_InvalidBackground": "#fff",
	"sapField_WarningColor": "#f0ab00",
	"sapField_WarningBackground": "#fff",
	"sapField_SuccessColor": "#008a3b",
	"sapField_SuccessBackground": "#e0f1e7",
	"sapGroup_TitleBackground": "transparent",
	"sapGroup_TitleBorderColor": "#ccc",
	"sapGroup_TitleTextColor": "#333",
	"sapGroup_Title_FontSize": "1.0em",
	"sapGroup_ContentBackground": "#fff",
	"sapGroup_ContentBorderColor": "#ddd",
	"sapGroup_BorderWidth": "1px",
	"sapGroup_BorderCornerRadius": "0",
	"sapGroup_FooterBackground": "transparent",
	"sapToolbar_Background": "transparent",
	"sapToolbar_SeparatorColor": "#bfbfbf",
	"sapList_HeaderBackground": "#f7f7f7",
	"sapList_HeaderBorderColor": "#ddd",
	"sapList_HeaderTextColor": "#000",
	"sapList_BorderColor": "#e5e5e5",
	"sapList_BorderWidth": "1px",
	"sapList_HighlightColor": "#FFFFFF",
	"sapList_SelectionBackgroundColor": "#fef8e9",
	"sapList_Background": "#fff",
	"sapList_Hover_Background": "#f0f0f0",
	"sapScrollBar_FaceColor": "#e6e6e6",
	"sapScrollBar_TrackColor": "#f8f8f8",
	"sapScrollBar_BorderColor": "#e6e6e6",
	"sapScrollBar_SymbolColor": "#666",
	"sapScrollBar_Dimension": "16px",
	"sapScrollBar_Hover_FaceColor": "#dedede",
	"sapPageHeader_Background": "#333333",
	"sapPageHeader_BorderColor": "#ddd",
	"sapPageHeader_TextColor": "#fff",
	"sapPageFooter_Background": "#363e43",
	"sapPageFooter_TextColor": "#fff",
	"sapInfobar_Background": "#457aae",
	"sapObjectHeader_Background": "#fff",
	"sapBlockLayer_Background": "#000",
	"sapTile_Background": "#F2A800",
	"sapTile_BorderColor": "#ddd",
	"sapTile_TitleTextColor": "#333",
	"sapTile_TextColor": "#FFFFFF",
	"sapTile_IconColor": "#fff",
	"sapChart_OrderedColor_1": "#5cbae6",
	"sapChart_OrderedColor_2": "#b6d957",
	"sapChart_OrderedColor_3": "#fac364",
	"sapChart_OrderedColor_4": "#8cd3ff",
	"sapChart_OrderedColor_5": "#d998cb",
	"sapChart_OrderedColor_6": "#f2d249",
	"sapChart_OrderedColor_7": "#93b9c6",
	"sapChart_OrderedColor_8": "#ccc5a8",
	"sapChart_OrderedColor_9": "#52bacc",
	"sapChart_OrderedColor_10": "#dbdb46",
	"sapChart_OrderedColor_11": "#98aafb",
	"sapChart_Bad": "#d32030",
	"sapChart_Critical": "#e17b24",
	"sapChart_Good": "#61a656",
	"sapChart_Neutral": "#848f94",
	"sapChart_Sequence_1": "#27a3dd",
	"sapChart_Sequence_2": "#9dc62d",
	"sapChart_Sequence_3": "#f8ac29",
	"sapChart_Sequence_Neutral": "#848f94",
	"sapUiBrand": "#009de0",
	"sapUiHighlight": "#FFFFFF",
	"sapUiBaseColor": "#808080",
	"sapUiShellColor": "transparent",
	"sapUiBaseBG": "#D9D9D6",
	"sapUiGlobalBackgroundColor": "#D9D9D6",
	"sapUiBaseText": "#000",
	"sapUiLink": "#00679e",
	"sapUiGlobalLogo": "url('../../../../../Base/baseLib/lion/img/misc/sapCompanyLogo.gif')",
	"sapUiGlobalBackgroundImage": "none",
	"sapUiBackgroundImage": "none",
	"sapUiUx3ShellBackgroundImageURL": "none",
	"sapUiGlobalBackgroundImageOpacity": "1.0",
	"sapUiGlobalBackgroundRepeat": "true",
	"sapUiSelected": "#f7b620",
	"sapUiActive": "#009de0",
	"sapUiHighlightTextColor": "#000",
	"sapUiTextTitle": "#333",
	"sapUiContentIconColor": "#666",
	"sapUiContentContrastIconColor": "#fff",
	"sapUiContentNonInteractiveIconColor": "#666",
	"sapUiContentMarkerIconColor": "#007cc0",
	"sapUiContentImagePlaceholderBackground": "#f2f2f2",
	"sapUiContentImagePlaceholderForegroundColor": "#bfbfbf",
	"sapUiContentFocusColor": "#000",
	"sapUiContentContrastFocusColor": "#fff",
	"sapUiContentShadowColor": "#000",
	"sapUiContentContrastShadowColor": "#fff",
	"sapUiContentSearchHighlightColor": "#fffcb5",
	"sapUiContentHelpColor": "#3f8600",
	"sapUiContentLabelColor": "#666",
	"sapUiContentDisabledTextColor": "#ccc",
	"sapUiContentDisabledOpacity": "0.5",
	"sapUiContentContrastTextThreshold": "0.65",
	"sapUiContentContrastTextColor": "#fff",
	"sapUiContentForegroundColor": "#e5e5e5",
	"sapUiContentForegroundBorderColor": "#bfbfbf",
	"sapUiContentForegroundTextColor": "#000",
	"sapUiShellBackground": "#f2f2f2",
	"sapUiShellBackgroundImage": "none",
	"sapUiShellBackgroundImageOpacity": "1.0",
	"sapUiShellBackgroundImageRepeat": "true",
	"sapUiShellBackgroundGradient": "none",
	"sapUiShellBorderColor": "#ddd",
	"sapUiShellTextColor": "#666",
	"sapUiShellFavicon": "none",
	"sapUiButtonBackground": "#f7f7f7",
	"sapUiButtonBorderColor": "#bfbfbf",
	"sapUiButtonTextColor": "#333",
	"sapUiButtonDisabledBackground": "#e8e8e7",
	"sapUiButtonDisabledBorderColor": "#cccccb",
	"sapUiButtonDisabledTextColor": "#ccc",
	"sapUiButtonHoverBackground": "#eaeaea",
	"sapUiButtonHoverBorderColor": "#bfbfbf",
	"sapUiButtonHoverTextColor": "#333",
	"sapUiButtonEmphasizedBackground": "#009de0",
	"sapUiButtonEmphasizedBorderColor": "#008bc7",
	"sapUiButtonEmphasizedTextColor": "#fff",
	"sapUiButtonRejectBackground": "#cc1919",
	"sapUiButtonAcceptBackground": "#007833",
	"sapUiFieldBackground": "#fff",
	"sapUiFieldBorderColor": "#bfbfbf",
	"sapUiFieldTextColor": "#000",
	"sapUiFieldHelpBackground": "#fff",
	"sapUiFieldHoverBackground": "#fff",
	"sapUiFieldHoverBorderColor": "#BFBFBF",
	"sapUiFieldHoverHelpBackground": "#FFFFFF",
	"sapUiFieldFocusBackground": "#fff",
	"sapUiFieldFocusBorderColor": "#BFBFBF",
	"sapUiFieldFocusHelpBackground": "#fff",
	"sapUiFieldReadOnlyBackground": "rgba(242,242,242,0.5)",
	"sapUiFieldReadOnlyBorderColor": "#ccc",
	"sapUiFieldReadOnlyHelpBackground": "rgba(242,242,242,0.5)",
	"sapUiFieldDisabledBackground": "rgba(242,242,242,0.5)",
	"sapUiFieldDisabledBorderColor": "rgba(191,191,191,0.5)",
	"sapUiFieldDisabledTextColor": "#ccc",
	"sapUiFieldDisabledHelpBackground": "rgba(242,242,242,0.5)",
	"sapUiFieldRequiredColor": "#004990",
	"sapUiFieldInvalidColor": "#e52929",
	"sapUiFieldInvalidBackground": "#fff",
	"sapUiFieldWarningColor": "#f0ab00",
	"sapUiFieldWarningBackground": "#fff",
	"sapUiFieldSuccessColor": "#008a3b",
	"sapUiFieldSuccessBackground": "#e0f1e7",
	"sapUiGroupTitleBackground": "transparent",
	"sapUiGroupTitleBorderColor": "#ccc",
	"sapUiGroupTitleTextColor": "#333",
	"sapUiGroupContentBackground": "#fff",
	"sapUiGroupContentBorderColor": "#ddd",
	"sapUiGroupFooterBackground": "transparent",
	"sapUiToolbarBackground": "transparent",
	"sapUiToolbarSeparatorColor": "#bfbfbf",
	"sapUiListHeaderBackground": "#f7f7f7",
	"sapUiListHeaderBorderColor": "#ddd",
	"sapUiListHeaderTextColor": "#000",
	"sapUiListBorderColor": "#e5e5e5",
	"sapUiListHighlightColor": "#FFFFFF",
	"sapUiListSelectionBackgroundColor": "#fef8e9",
	"sapUiListBackground": "#fff",
	"sapUiListHoverBackground": "#f0f0f0",
	"sapUiScrollBarFaceColor": "#e6e6e6",
	"sapUiScrollBarTrackColor": "#f8f8f8",
	"sapUiScrollBarBorderColor": "#e6e6e6",
	"sapUiScrollBarSymbolColor": "#666",
	"sapUiScrollBarHoverFaceColor": "#dedede",
	"sapUiPageHeaderBackground": "#333333",
	"sapUiPageHeaderBorderColor": "#ddd",
	"sapUiPageHeaderTextColor": "#fff",
	"sapUiPageFooterBackground": "#363e43",
	"sapUiPageFooterTextColor": "#fff",
	"sapUiInfobarBackground": "#457aae",
	"sapUiObjectHeaderBackground": "#fff",
	"sapUiBlockLayerBackground": "#000",
	"sapUiTileBackground": "#F2A800",
	"sapUiTileBorderColor": "#ddd",
	"sapUiTileTitleTextColor": "#333",
	"sapUiTileTextColor": "#FFFFFF",
	"sapUiTileIconColor": "#fff",
	"sapUiChart1": "#5cbae6",
	"sapUiChart2": "#b6d957",
	"sapUiChart3": "#fac364",
	"sapUiChart4": "#8cd3ff",
	"sapUiChart5": "#d998cb",
	"sapUiChart6": "#f2d249",
	"sapUiChart7": "#93b9c6",
	"sapUiChart8": "#ccc5a8",
	"sapUiChart9": "#52bacc",
	"sapUiChart10": "#dbdb46",
	"sapUiChart11": "#98aafb",
	"sapUiChartBad": "#d32030",
	"sapUiChartCritical": "#e17b24",
	"sapUiChartGood": "#61a656",
	"sapUiChartNeutral": "#848f94",
	"sapUiChartSequence1": "#27a3dd",
	"sapUiChartSequence2": "#9dc62d",
	"sapUiChartSequence3": "#f8ac29",
	"sapUiChartSequenceNeutral": "#848f94",
	"sapUiErrorBG": "#fbdfdf",
	"sapUiWarningBG": "#fffcb5",
	"sapUiSuccessBG": "#e0f1e7",
	"sapUiNeutralBG": "#e6f2f9",
	"sapUiErrorBorder": "#e52929",
	"sapUiWarningBorder": "#f0ab00",
	"sapUiSuccessBorder": "#008a3b",
	"sapUiNeutralBorder": "#007cc0",
	"sapUiNegativeElement": "#cc1919",
	"sapUiCriticalElement": "#d14900",
	"sapUiPositiveElement": "#007833",
	"sapUiNeutralElement": "#007cc0",
	"sapUiNegativeText": "#cc1919",
	"sapUiCriticalText": "#d14900",
	"sapUiPositiveText": "#007833",
	"sapUiNeutralText": "#007cc0",
	"sapUiNegative": "#cc1919",
	"sapUiCritical": "#d14900",
	"sapUiPositive": "#007833",
	"sapUiNeutral": "#007cc0",
	"sapUiErrorColor": "#e63232",
	"sapUiWarningColor": "#ff5c05",
	"sapUiSuccessColor": "#00ab49",
	"sapUiFontFamily": "Arial, Helvetica, sans-serif",
	"sapUiFontSize": "16px",
	"sapUiFontCondensedFamily": "'Arial Narrow', HelveticaNeue-CondensedBold, Arial, sans-serif",
	"sapUiFontHeaderFamily": "Arial, Helvetica, sans-serif",
	"sapUiFontHeaderWeight": "normal",
	"sapMFontHeader1Size": "1.750rem",
	"sapMFontHeader2Size": "1.500rem",
	"sapMFontHeader3Size": "1.250rem",
	"sapMFontHeader4Size": "1.125rem",
	"sapMFontHeader5Size": "1rem",
	"sapMFontHeader6Size": "0.875rem",
	"sapMFontSmallSize": "0.75rem",
	"sapMFontMediumSize": "0.875rem",
	"sapMFontLargeSize": "1rem",
	"sapUiTranslucentBGOpacity": "80%",
	"sapMPlatformDependent": "false",
	"sapUiDesktopFontFamily": "Arial, Helvetica, sans-serif",
	"sapUiDesktopFontSize": "12px",
	"sapUiFontLargeSize": "13px",
	"sapUiFontSmallSize": "11px",
	"sapUiFontHeader1Size": "26px",
	"sapUiFontHeader2Size": "20px",
	"sapUiFontHeader3Size": "18px",
	"sapUiFontHeader4Size": "16px",
	"sapUiFontHeader5Size": "14px",
	"sapUiFontHeader6Size": "13px",
	"sapUiLineHeight": "18px",
	"sapUiChartLabelHoverColor": "#f0f0f0",
	"sapUiChartLabelPressedColor": "#ccc",
	"sapUiChartCategoryAxisLabelFontColor": "#333",
	"sapUiChartValueAxisLabelFontColor": "#707070",
	"sapUiChartCategoryAxisLabelFontSize": "0.75rem",
	"sapUiChartValueAxisLabelFontSize": "0.75rem",
	"sapUiChartCategoryAxisLineColor": "#ccc",
	"sapUiChartValueAxisLineColor": "#ccc",
	"sapUiChartCategoryAxisTickColor": "#ccc",
	"sapUiChartValueAxisTickColor": "#ccc",
	"sapUiChartBackgroundColor": "#fff",
	"sapUiChartLabelFontWeight": "normal",
	"sapUiChartLegendLabelFontColor": "#000",
	"sapUiChartLegendTitleFontColor": "#000",
	"sapUiChartLegendTitleFontSize": "0.875rem",
	"sapUiChartLegendLabelFontSize": "0.75rem",
	"sapUiChartPaletteUndefinedColor": "#000",
	"sapUiChartGridlineColor": "#e5e5e5",
	"sapUiChartReferenceLineColor": "#343434",
	"sapUiChartDataLabelFontColor": "#000",
	"sapUiChartReferenceLineLabelColor": "#000",
	"sapUiChartDataLabelFontSize": "0.75rem",
	"sapUiChartPopoverDataItemFontColor": "#000",
	"sapUiChartPopoverGroupFontColor": "#000",
	"sapUiChartPopoverDataItemFontSize": "0.875rem",
	"sapUiChartPopoverGroupFontSize": "0.875rem",
	"sapUiChartPopoverGroupFontWeight": "bold",
	"sapUiChartScrollBarThumbColor": "#e6e6e6",
	"sapUiChartScrollBarTrackColor": "#f8f8f8",
	"sapUiChartScrollBarThumbHoverColor": "#dedede",
	"sapUiChartMainTitleFontColor": "#333",
	"sapUiChartAxisTitleFontColor": "#000",
	"sapUiChartMainTitleFontSize": "1rem",
	"sapUiChartAxisTitleFontSize": "0.875rem",
	"sapUiChartTitleFontWeight": "bold",
	"sapUiChartLightText": "#707070",
	"sapUiChartZeroAxisColor": "#666",
	"sapUiChartDataPointBorderColor": "#fff",
	"sapUiChartDataPointBorderHoverSelectedColor": "#666",
	"sapUiChartDataPointNotSelectedBackgroundOpacity": "0.6",
	"sapUiChartValueAxisLineOpacity": "0",
	"sapUiChartCategoryAxisLabelFontHoverColor": "#333",
	"sapUiChartCategoryAxisLabelFontPressedColor": "#333",
	"sapUiChartTargetColor": "#343434",
	"sapUiChartTargetShadowColor": "#fff",
	"sapUiChartBubbleBGOpacity": "0.8",
	"sapUiChartScrollbarBorderColor": "#fff",
	"sapUiChartScrollbarBorderSize": "0",
	"sapUiChartScrollbarThumbPadding": "0",
	"sapUiChartNegativeLargeText": "#d32030",
	"sapUiChartCriticalLargeText": "#e17b24",
	"sapUiChartPositiveLargeText": "#61a656",
	"sapUiChartNeutralLargeText": "#6a757b",
	"sapUiChartDataPointBG": "#d6dadb",
	"sapUiChartDataPointBGBorderColor": "#d6dadb",
	"sapUiChartDataLineColorWithBG": "#333",
	"sapUiChartDataLineColor": "#333",
	"sapUiChartRadialRemainingCircle": "#e3e6e7",
	"sapUiChartRadialRemainingCircleBorderColor": "#e3e6e7",
	"sapUiChartRadialBG": "#fff",
	"sapUiChartPaletteQualitativeHue1": "#5cbae6",
	"sapUiChartPaletteQualitativeHue2": "#b6d957",
	"sapUiChartPaletteQualitativeHue3": "#fac364",
	"sapUiChartPaletteQualitativeHue4": "#8cd3ff",
	"sapUiChartPaletteQualitativeHue5": "#d998cb",
	"sapUiChartPaletteQualitativeHue6": "#f2d249",
	"sapUiChartPaletteQualitativeHue7": "#93b9c6",
	"sapUiChartPaletteQualitativeHue8": "#ccc5a8",
	"sapUiChartPaletteQualitativeHue9": "#52bacc",
	"sapUiChartPaletteQualitativeHue10": "#dbdb46",
	"sapUiChartPaletteQualitativeHue11": "#98aafb",
	"sapUiChartPaletteSemanticBadLight3": "#f09ca4",
	"sapUiChartPaletteSemanticBadLight2": "#e9707b",
	"sapUiChartPaletteSemanticBadLight1": "#e34352",
	"sapUiChartPaletteSemanticBad": "#d32030",
	"sapUiChartPaletteSemanticBadDark1": "#a71926",
	"sapUiChartPaletteSemanticBadDark2": "#911621",
	"sapUiChartPaletteSemanticCriticalLight3": "#f3ccab",
	"sapUiChartPaletteSemanticCriticalLight2": "#edb17e",
	"sapUiChartPaletteSemanticCriticalLight1": "#e79651",
	"sapUiChartPaletteSemanticCritical": "#e17b24",
	"sapUiChartPaletteSemanticCriticalDark1": "#b96319",
	"sapUiChartPaletteSemanticCriticalDark2": "#a25716",
	"sapUiChartPaletteSemanticGoodLight3": "#bedbba",
	"sapUiChartPaletteSemanticGoodLight2": "#9fca98",
	"sapUiChartPaletteSemanticGoodLight1": "#80b877",
	"sapUiChartPaletteSemanticGood": "#61a656",
	"sapUiChartPaletteSemanticGoodDark1": "#4d8445",
	"sapUiChartPaletteSemanticGoodDark2": "#44743c",
	"sapUiChartPaletteSemanticNeutralLight3": "#d6dadb",
	"sapUiChartPaletteSemanticNeutralLight2": "#bac1c4",
	"sapUiChartPaletteSemanticNeutralLight1": "#9ea8ad",
	"sapUiChartPaletteSemanticNeutral": "#848f94",
	"sapUiChartPaletteSemanticNeutralDark1": "#6a757b",
	"sapUiChartPaletteSemanticNeutralDark2": "#5e686e",
	"sapUiChartPaletteSequentialHue1Light3": "#abdbf2",
	"sapUiChartPaletteSequentialHue1Light2": "#84caec",
	"sapUiChartPaletteSequentialHue1Light1": "#5cbae5",
	"sapUiChartPaletteSequentialHue1": "#27a3dd",
	"sapUiChartPaletteSequentialHue1Dark1": "#1b7eac",
	"sapUiChartPaletteSequentialHue1Dark2": "#156489",
	"sapUiChartPaletteSequentialHue2Light3": "#d7eaa2",
	"sapUiChartPaletteSequentialHue2Light2": "#c6e17d",
	"sapUiChartPaletteSequentialHue2Light1": "#b6d957",
	"sapUiChartPaletteSequentialHue2": "#9dc62d",
	"sapUiChartPaletteSequentialHue2Dark1": "#759422",
	"sapUiChartPaletteSequentialHue2Dark2": "#5b731a",
	"sapUiChartPaletteSequentialHue3Light3": "#fde5bd",
	"sapUiChartPaletteSequentialHue3Light2": "#fbd491",
	"sapUiChartPaletteSequentialHue3Light1": "#fac364",
	"sapUiChartPaletteSequentialHue3": "#f8ac29",
	"sapUiChartPaletteSequentialHue3Dark1": "#dd8e07",
	"sapUiChartPaletteSequentialHue3Dark2": "#b57506",
	"sapUiChartPaletteSequentialNeutralLight3": "#d6dadb",
	"sapUiChartPaletteSequentialNeutralLight2": "#bac1c4",
	"sapUiChartPaletteSequentialNeutralLight1": "#9ea8ad",
	"sapUiChartPaletteSequentialNeutral": "#848f94",
	"sapUiChartPaletteSequentialNeutralDark1": "#6a757b",
	"sapUiChartPaletteSequentialNeutralDark2": "#5e686e",
	"sapUiChoroplethBG": "#f7f7f8",
	"sapUiChoroplethRegionBorder": "#fff",
	"sapUiChoroplethRegionBG": "#bac1c4",
	"sapUiMapLegendBG": "#fff",
	"sapUiMapLegendBorderColor": "#ccc",
	"sapUiShellHoverBackground": "#0079ad",
	"sapUiShellActiveBackground": "#006089",
	"sapUiShellActiveTextColor": "#fafdff",
	"sapUiShellHoverToggleBackground": "#002b3d",
	"sapUiUx3ShellHeaderColor": "transparent",
	"sapUiUx3ShellBackgroundColor": "#f2f2f2",
	"sapUiUx3ShellHoverColor": "#777",
	"sapUiUx3ShellGradientBottom": "rgba(44,44,44,0)",
	"sapUiUx3ShellGradientTop": "rgba(255,255,255,0.03)",
	"sapUiUx3ShellToolPaletteIconFontColor": "#8899aa",
	"sapUiUx3ExactLstExpandOffset": "-1 -2",
	"sapUiUx3ExactLstRootExpandOffset": "0 3",
	"sapUiUx3ExactLstContentTop": "25px",
	"sapUiLinkActive": "#00679e",
	"sapUiLinkVisited": "#00679e",
	"sapUiLinkHover": "#00679e",
	"sapUiLinkInverted": "#1bb1ff",
	"sapUiNotificationBarBG": "rgba(51,51,51,0.98)",
	"sapUiNotifierSeparator": "#000",
	"sapUiNotifierSeparatorWidth": "1px",
	"sapUiNotificationBarBorder": "#666",
	"sapUiUx3ToolPopupInverted": "false",
	"sapUiUx3ToolPopupArrowRightMarginCorrection": "-1px",
	"sapUiUx3ToolPopupShadow": "0 0 30px rgba(0,0,0,0.2)",
	"sapUiCalloutShadow": "0 0 30px rgba(0,0,0,0.2)",
	"sapUiButtonIconColor": "#666",
	"sapUiButtonActiveBackground": "#FFFFFF",
	"sapUiButtonActiveBorderColor": "#FFFFFF",
	"sapUiButtonActiveTextColor": "#333",
	"sapUiButtonEmphasizedHoverBackground": "#008bc7",
	"sapUiButtonEmphasizedHoverBorderColor": "#008bc7",
	"sapUiButtonEmphasizedActiveBackground": "#0079ad",
	"sapUiButtonEmphasizedActiveBorderColor": "#0079ad",
	"sapUiButtonEmphasizedTextShadow": "rgba(0,0,0,0.5)",
	"sapUiButtonAcceptBorderColor": "#005f28",
	"sapUiButtonAcceptHoverBackground": "#005f28",
	"sapUiButtonAcceptHoverBorderColor": "#005f28",
	"sapUiButtonAcceptActiveBackground": "#00451d",
	"sapUiButtonAcceptActiveBorderColor": "#00451d",
	"sapUiButtonAcceptTextColor": "#fff",
	"sapUiButtonRejectBorderColor": "#b51616",
	"sapUiButtonRejectHoverBackground": "#b51616",
	"sapUiButtonRejectHoverBorderColor": "#b51616",
	"sapUiButtonRejectActiveBackground": "#9f1313",
	"sapUiButtonRejectActiveBorderColor": "#9f1313",
	"sapUiButtonRejectTextColor": "#fff",
	"sapUiButtonLiteBackground": "transparent",
	"sapUiButtonLiteBorderColor": "transparent",
	"sapUiButtonLiteTextColor": "#00679e",
	"sapUiButtonLiteHoverBackground": "rgba(222,222,222,0.5)",
	"sapUiButtonLiteHoverBorderColor": "rgba(222,222,222,0.5)",
	"sapUiButtonLiteActiveBackground": "#FFFFFF",
	"sapUiButtonLiteActiveBorderColor": "#FFFFFF",
	"sapUiButtonHeaderTextColor": "#333",
	"sapUiButtonHeaderDisabledTextColor": "#333",
	"sapUiButtonFooterTextColor": "#fff",
	"sapUiButtonFooterHoverBackground": "rgba(234,234,234,0.1)",
	"sapUiButtonActionSelectBackground": "#363e43",
	"sapUiButtonActionSelectBorderColor": "#64727b",
	"sapUiButtonLiteActionSelectHoverBackground": "#444e54",
	"sapUiToggleButtonPressedBackground": "#FFFFFF",
	"sapUiToggleButtonPressedBorderColor": "#f2f2f2",
	"sapUiToggleButtonPressedTextColor": "#333",
	"sapUiToggleButtonPressedHoverBackground": "#f2f2f2",
	"sapUiToggleButtonPressedHoverBorderColor": "#f2f2f2",
	"sapUiToggleButtonPressedDisabledBackground": "#FFFFFF",
	"sapUiToggleButtonPressedDisabledBorderColor": "#f2f2f2",
	"sapUiToggleButtonPressedDisabledTextColor": "#ccc",
	"sapUiSegmentedButtonBackground": "#fff",
	"sapUiSegmentedButtonBorderColor": "#dedede",
	"sapUiSegmentedButtonTextColor": "#00679e",
	"sapUiSegmentedButtonHoverBackground": "rgba(196,196,196,0.5)",
	"sapUiSegmentedButtonActiveBackground": "#FFFFFF",
	"sapUiSegmentedButtonActiveTextColor": "#00679e",
	"sapUiSegmentedButtonSelectedBackground": "#FFFFFF",
	"sapUiSegmentedButtonSelectedTextColor": "#00679e",
	"sapUiSegmentedButtonSelectedHoverBackground": "#f2f2f2",
	"sapUiSegmentedButtonSelectedHoverBorderColor": "#f2f2f2",
	"sapUiSegmentedButtonIconColor": "#666",
	"sapUiSegmentedButtonActiveIconColor": "#666",
	"sapUiSegmentedButtonSelectedIconColor": "#666",
	"sapUiSegmentedButtonFooterBorderColor": "#64727b",
	"sapUiSegmentedButtonFooterHoverBackground": "rgba(234,234,234,0.1)",
	"sapUiFieldActiveBackground": "#FFFFFF",
	"sapUiFieldActiveBorderColor": "#FFFFFF",
	"sapUiFieldActiveTextColor": "#fff",
	"sapUiFieldPlaceholderTextColor": "#707070",
	"sapUiListTextColor": "#333",
	"sapUiListVerticalBorderColor": "#ddd",
	"sapUiListActiveBackground": "#FFFFFF",
	"sapUiListActiveTextColor": "#333",
	"sapUiListSelectionHoverBackground": "#fdf3da",
	"sapUiListFooterBackground": "#f7f7f7",
	"sapUiListFooterTextColor": "#666",
	"sapUiListGroupHeaderBackground": "#f7f7f7",
	"sapUiListTableGroupHeaderBackground": "#f2f2f2",
	"sapUiListTableGroupHeaderBorderColor": "#e5e5e5",
	"sapUiListTableGroupHeaderTextColor": "#333",
	"sapUiListTableFooterBorder": "#ccc",
	"sapUiListTableFixedBorder": "#999",
	"sapUiListTableTextSize": "0.875rem",
	"sapUiListTableIconSize": "1rem",
	"sapUiPageFooterBorderColor": "#64727b",
	"sapUiInfobarHoverBackground": "#396691",
	"sapUiInfobarActiveBackground": "#2f5477",
	"sapUiCalendarColorToday": "#ffc51c",
	"sapUiShadowLevel0": "0 0 0.125rem 0 rgba(0,0,0,0.3)",
	"sapUiShadowLevel1": "0 0.125rem 0.375rem 0 rgba(0,0,0,0.2), 0 0 0.125rem 0 rgba(0,0,0,0.3)",
	"sapUiShadowLevel2": "0 0.375rem 0.750rem 0 rgba(0,0,0,0.3), 0 0 0.125rem 0 rgba(0,0,0,0.3)",
	"sapUiShadowLevel3": "0 1.250rem 2rem 0 rgba(0,0,0,0.5), 0 0 0.125rem 0 rgba(0,0,0,0.3)",
	"sapUiShadowText": "0 1px rgba(255,255,255,0.5)",
	"sapUiShadowHeader": "0 0.125rem 0 0 #fff",
	"sapUiUx3ShellHeaderImageURL": "",
	"sapUiUx3ShellApplicationImageURL": "url('../../../../../Base/baseLib/lion/img/misc/sapCompanyLogo.gif')",
	"sapUiPurple": "#ab218e",
	"sapUiOrange": "#f27020",
	"sapUiGreen": "#008a3b",
	"sapUiBlue": "#007cc0",
	"sapUiRed": "#e52929",
	"sapUiYellow": "#f0ab00",
	"sapUiBase": "#808080",
	"sapUiBaseBorder": "#808080",
	"sapUiBaseLine": "#808080",
	"sapUiWhite": "#fff",
	"sapUiWhiteBG": "#fff",
	"sapUiExtraLightBG": "#f2f2f2",
	"sapUiLightBG": "#e5e5e5",
	"sapUiMediumBG": "#ddd",
	"sapUiDarkBG": "#777",
	"sapUiDeepBG": "black",
	"sapUiBlackBG": "#000000",
	"sapUiHoverBG": "#fff",
	"sapUiMediumAltBG": "#ccbbb8",
	"sapUiDarkAltBG": "#787878",
	"sapUiButtonStandardBG": "#f7f7f7",
	"sapUiButtonEmphasizedBG": "#009de0",
	"sapUiButtonNegativeBG": "red",
	"sapUiButtonPositiveBG": "green",
	"sapUiReadOnlyBG": "grey",
	"sapUiExtraLightText": "#707070",
	"sapUiLightText": "#666",
	"sapUiMediumText": "#444",
	"sapUiDarkText": "#333",
	"sapUiDeepText": "black",
	"sapUiText": "#000",
	"sapUiTextInverted": "#fff",
	"sapUiWhiteBorder": "#fff",
	"sapUiExtraLightBorder": "#e5e5e5",
	"sapUiLightBorder": "#ddd",
	"sapUiMediumBorder": "#ccc",
	"sapUiDarkBorder": "#bfbfbf",
	"sapUiBlackBorder": "#000",
	"sapUiElement": "#666",
	"sapUiInvertedElement": "#fff",
	"sapUiLightLine": "#cdcdcd",
	"sapUiMediumLine": "#9a9a9a",
	"sapUiEmphasizedLine": "#FFFFFF",
	"sapUiDarkLine": "#343434",
	"sapUiLightShadowTint": "#fff",
	"sapUiDarkShadowTint": "#000",
	"sapUiFocus": "#000",
	"sapUiInvertedFocus": "#fff",
	"sapUiTableRowBG": "#fff",
	"sapUiTableRowAlternatingBG": "#eff7fb",
	"sapUiTableRowSelectionBG": "#d1e9f4",
	"sapUiTableRowSelectionReadOnlyBG": "#c9e1ed",
	"sapUiTableRowHoverBG": "#fff",
	"sapUiListBG": "#fff",
	"sapUiTextColor": "green",
	"sapUiTextTitleColor": "green",
	"sapUiTextSelectionColor": "green",
	"sapUiTextDisabled": "#999",
	"sapUiTextSelection": "#fff",
	"sapUiTextfieldBackground": "#fff",
	"sapUiFontMonospaceFamily": "Lucida Console",
	"sapUiUx3ShellSideBarBaseWidth": "40px",
	"sapUiUx3ShellPaneOverflowButtonHeight": "120px",
	"sapUiUx3ExactLstCollapseWidth": "24px",
	"sapUiUx3ExactLstHeaderHeight": "25px",
	"sapUiNotificationBarBG_IE": "#444",
	"sapUiNotifierHoverColor": "#FFFFFF",
	"sapUiNotificationText": "#fff",
	"sapUiNotificationTimestamp": "#ababab",
	"sapUiNotificationBarCalloutBorder": "rgba(68,68,68,0)",
	"sapUiNotificationBarCalloutBorder_IE": "#444",
	"sapUiNotificationBarCalloutArr": "rgba(51,51,51,0.98)",
	"sapUiNotificationBarHeight": "40px",
	"sapUiNotificationBarHeightMinimized": "0px",
	"sapUiNotificationBarHeightMaximized": "40%",
	"sapUiNotifierWidth": "40px",
	"sapUiUx3ToolPopupArrowWidth": "13px",
	"sapUiUx3ToolPopupArrowHeight": "24px",
	"sapUiUx3ToolPopupArrowRightMarginCorrectionInverted": "-7px",
	"sapUiUx3TPPaddingBottom": "50px",
	"sapUiButtonEmphasizedDisabledBorderColor": "#008bc7",
	"sapUiButtonEmphasizedDisabledBackground": "#009de0",
	"sapUiButtonAcceptDisabledBorderColor": "#005f28",
	"sapUiButtonAcceptDisabledBackground": "#007833",
	"sapUiButtonRejectDisabledBorderColor": "#b51616",
	"sapUiButtonRejectDisabledBackground": "#cc1919",
	"sapUiPositiveBG": "#007833",
	"sapUiShadowTint": "#000",
	"sapUiShadow": "0px 4px 17px rgba(0, 0, 0, 0.4)",
	"sapUiThemeDesignerCustomCss": "true",
	"sapUiMarginTiny": "0.5rem",
	"sapUiMarginSmall": "1rem",
	"sapUiMarginMedium": "2rem",
	"sapUiMarginLarge": "3rem",
	"sapUiEscapedEmptyString": "",
	"sapUiChartFontFamily": "'OpenSans-Regular', sans-serif",
	"sapUiChartHightlight": "#808080",
	"sapuiChartLegendBgColor": "#000000",
	"sapuiChartLegendTextColor": "#FFFFFF",
	"sapuiChartLegendFontFamily": "'OpenSans-Regular', sans-serif",
	"sapuiChartLegendFontStyle": "normal",
	"sapuiChartLegendBorderColor": "#000000",
	"sapUiChartXAxisFontFamily": "'OpenSans-Regular', sans-serif",
	"sapUiChartXAxisFontSize": "14px",
	"sapUiChartYAxisFontFamily": "'OpenSans-Regular', sans-serif",
	"sapUiChartYAxisFontSize": "14px",
	"sapUiChartValueBubbleLegendBG": "#000000",
	"sapUiChartValueBubbleLegendTextColor": "#FFFFFF",
	"sapUiChartValueBubbleLegendFontSize": "14px",
	"sapUiChartValueBubbleLegendFontWeight": "Normal",
	"sapUiChartValueBubbleLegendFontFamily": "'OpenSans-Regular', sans-serif",
	"sapUiChartRangeSelectorFontSize": "14px",
	"sapUiChartRangeSelectorFontFamily": "'OpenSans-Regular', sans-serif",
	"sapUiChartRangeSelectorFontColor": "#707070",
	"sapUiChartTableFontSize": "14px",
	"sapUiChartTableFontFamily": "'OpenSans-Regular', sans-serif",
	"sapUiChartTableHighlightColor": "#e6f2f9",
	"sapUiChartTableHighlightTextColor": "#666666",
	"sapUiFillPaletteColor1": "#008fd3",
	"sapUiFillPaletteColor2": "#99d101",
	"sapUiFillPaletteColor3": "#f39b02",
	"sapUiFillPaletteColor4": "#9fcfeb",
	"sapUiFillPaletteColor5": "#4ba707",
	"sapUiFillPaletteColor6": "#f6d133",
	"sapUiFillPaletteColor7": "#cb4c2d",
	"sapUiFillPaletteColor8": "#cac7ba",
	"sapUiFillPaletteColor9": "#0d869c",
	"sapUiFillPaletteColor10": "#cdd72e",
	"sapUiFillPaletteColor11": "#247230",
	"sapUiFillPaletteColor12": "#6CDEDC",
	"sapUiFillPaletteColor13": "#EB7300",
	"sapUiFillPaletteColor14": "#B9BBD1",
	"sapUiFillPaletteColor15": "#006DD3",
	"sapUiFillPaletteColor16": "#3DB97F",
	"sapUiStrokePaletteColor1": "#004769",
	"sapUiStrokePaletteColor2": "#4c6801",
	"sapUiStrokePaletteColor3": "#794d01",
	"sapUiStrokePaletteColor4": "#2173a3",
	"sapUiStrokePaletteColor5": "#255303",
	"sapUiStrokePaletteColor6": "#8e7506",
	"sapUiStrokePaletteColor7": "#662616",
	"sapUiStrokePaletteColor8": "#6d6954",
	"sapUiStrokePaletteColor9": "#06434e",
	"sapUiStrokePaletteColor10": "#676d15",
	"sapUiStrokePaletteColor11": "#123818",
	"sapUiStrokePaletteColor12": "#1f8785",
	"sapUiStrokePaletteColor13": "#753900",
	"sapUiStrokePaletteColor14": "#4e5177",
	"sapUiStrokePaletteColor15": "#003669",
	"sapUiStrokePaletteColor16": "#1f5c3f",
	"sapUiInsetShadowPaletteColor1": "#6fd1ff",
	"sapUiInsetShadowPaletteColor2": "#d8fe70",
	"sapUiInsetShadowPaletteColor3": "#fee1ae",
	"sapUiInsetShadowPaletteColor4": "#fff",
	"sapUiInsetShadowPaletteColor5": "#88f739",
	"sapUiInsetShadowPaletteColor6": "#fff",
	"sapUiInsetShadowPaletteColor7": "#f2cdc3",
	"sapUiInsetShadowPaletteColor8": "#fff",
	"sapUiInsetShadowPaletteColor9": "#38d3ef",
	"sapUiInsetShadowPaletteColor10": "#f4f6d1",
	"sapUiInsetShadowPaletteColor11": "#40c354",
	"sapUiInsetShadowPaletteColor12": "#fff",
	"sapUiInsetShadowPaletteColor13": "#ffcc9c",
	"sapUiInsetShadowPaletteColor14": "#fff",
	"sapUiInsetShadowPaletteColor15": "#6fb9ff",
	"sapUiInsetShadowPaletteColor16": "#c2ebd8",
	"sapBackgroundColorDefault": "#f2f2f2",
	"sapBackgroundGradientBaseColor": "#178299",
	"sapAccentColor1": "#f0ab00",
	"sapAccentColor2": "#f27020",
	"sapAccentColor3": "#e52929",
	"sapAccentColor4": "#ab218e",
	"sapAccentColor5": "#007cc0",
	"sapAccentColor6": "#008a3b",
	"sapAccentColor7": "#004990",
	"sapAccentColor8": "#009de0",
	"sapDarkShadowColor": "#000",
	"sapLightShadowColor": "#fff",
	"sapDarkFocusColor": "#000",
	"sapLightFocusColor": "#fff",
	"sapSearchHighlightColor": "#fffcb5",
	"sapHelpHighlightColor": "#3f8600",
	"sapBaseBackground": "#808080",
	"sapLightestBackground": "#fff",
	"sapExtraLightBackground": "#f2f2f2",
	"sapLightBackground": "#e5e5e5",
	"sapMediumBackground": "#ddd",
	"sapDarkBackground": "#777",
	"sapExtraDarkBackground": "#333",
	"sapDarkestBackground": "#000",
	"sapBaseBorderColor": "#808080",
	"sapLightestBorderColor": "#fff",
	"sapExtraLightBorderColor": "#e5e5e5",
	"sapLightBorderColor": "#ddd",
	"sapMediumBorderColor": "#ccc",
	"sapDarkBorderColor": "#bfbfbf",
	"sapExtraDarkBorderColor": "#999",
	"sapDarkestBorderColor": "#000",
	"sapExtraLightTextColor": "#707070",
	"sapLightTextColor": "#666",
	"sapMediumTextColor": "#444",
	"sapDarkTextColor": "#333",
	"sapExtraDarkTextColor": "#222",
	"sapErrorBackground": "#fbdfdf",
	"sapWarningBackground": "#fffcb5",
	"sapSuccessBackground": "#e0f1e7",
	"sapNeutralBackground": "#e6f2f9",
	"sapErrorBorderColor": "#e52929",
	"sapWarningBorderColor": "#f0ab00",
	"sapSuccessBorderColor": "#008a3b",
	"sapNegativeTextColor": "#cc1919",
	"sapCriticalTextColor": "#d14900",
	"sapPositiveTextColor": "#007833",
	"sapNeutralTextColor": "#007cc0",
	"sapErrorColor": "#e52929",
	"sapWarningColor": "#f0ab00",
	"sapSuccessColor": "#008a3b",
	"sapContent_BackgroundGradientStartColor": "#2ca9b2",
	"sapContent_BackgroundGradientMiddleColor": "#178299",
	"sapContent_BackgroundGradientEndColor": "#1a4c7d",
	"sapContent_BackgroundGradientMixedStartColor": "#dff2f3",
	"sapContent_BackgroundGradientMixedMiddleColor": "#dcecf0",
	"sapContent_BackgroundGradientMixedEndColor": "#dde4ec",
	"sapUiGlobalBackgroundColorDefault": "#f2f2f2",
	"sapUiHighlightText": "#000",
	"sapUiGlobalBackgroundGradientStartColor": "#2ca9b2",
	"sapUiGlobalBackgroundGradientMiddleColor": "#178299",
	"sapUiGlobalBackgroundGradientEndColor": "#1a4c7d",
	"sapUiAccent1": "#f0ab00",
	"sapUiAccent2": "#f27020",
	"sapUiAccent3": "#e52929",
	"sapUiAccent4": "#ab218e",
	"sapUiAccent5": "#007cc0",
	"sapUiAccent6": "#008a3b",
	"sapUiAccent7": "#004990",
	"sapUiAccent8": "#009de0",
	"sapUiDarkFocusColor": "#000",
	"sapUiLightFocusColor": "#fff",
	"sapUiSearchHighlight": "#fffcb5",
	"sapUiHelpHighlight": "#3f8600",
	"sapUiBaseBackground": "#808080",
	"sapUiLightestBG": "#fff",
	"sapUiExtraDarkBG": "#333",
	"sapUiDarkestBG": "#000",
	"sapUiLightestBorder": "#fff",
	"sapUiExtraDarkBorder": "#999",
	"sapUiDarkestBorder": "#000",
	"sapUiExtraDarkText": "#222",
	"sapUiBlack": "#000",
	"sapUiStandardText": "#000",
	"sapUiHeaderText": "#333",
	"sapUiActiveBG": "#fff",
	"sapUiFooterBG": "rgba(54,62,67,0.96)",
	"sapUiFooterOnDesktopBG": "rgba(54,62,67,0.96)",
	"sapUiLightestBGHover": "#f0f0f0",
	"sapUiActiveBGHover": "#f7f7f7",
	"sapUiGlobalBackgroundVariant": "2",
	"sapUiGlobalLogoDefault": "none",
	"sapUiGlobalBackgroundImageOpacityDefault": "1",
	"sapUiGlobalBackgroundImageDefault": "none",
	"sapUiGlobalStrongBackgroundTextContrastColor": "none",
	"sapUiKeyboardFocus": "#e0e0e0",
	"sapUiActionSheetBG": "rgba(54,62,67,0.96)",
	"sapUiActionSheetOnDesktopBG": "rgba(54,62,67,0.96)",
	"sapUiActionSheetBorder": "#e5e5e5",
	"sapUiActionSheetButtonText": "#fff",
	"sapUiBarBG": "#f2f2f2",
	"sapUiBarBrandingBG": "#009de0",
	"sapUiHeaderBG": "#f2f2f2",
	"sapUiSubHeaderBG": "#fcfcfc",
	"sapUiBarText": "#666",
	"sapUiFooterText": "#fff",
	"sapUiBarHeading": "#666",
	"sapUiBusy": "#009de0",
	"sapUiBusyLight": "#fff",
	"sapUiBusyDlgSimpleIndicatorBG": "rgba(255,255,255,0.6)",
	"sapUiBusyDlgSimpleIndicatorBorder": "rgba(255,255,255,0.1)",
	"sapUiBtnText": "#333",
	"sapUiBtnTextActive": "#fff",
	"sapUiBtnTextLink": "#00679e",
	"sapUiBtnTextLinkDisabled": "rgba(0,103,158,0.5)",
	"sapUiBtnBaseRadius": "0.143rem",
	"sapUiBtnIcon": "#666",
	"sapUiBtnTextShadowDefault": "none",
	"sapUiBtnBorderDefault": "#bfbfbf",
	"sapUiBtnTextTransparentDisabled": "rgba(51,51,51,0.5)",
	"sapUiBtnIconHeader": "#666",
	"sapUiBtnTextHeader": "#666",
	"sapUiBtnTextHeaderDisabled": "#333",
	"sapUiBtnTextShadowHeader": "rgba(255,255,255,0.5)",
	"sapUiBtnTextFooterDisabled": "rgba(255,255,255,0.5)",
	"sapUiBtnTextShadowFooter": "rgba(0,0,0,0.5)",
	"sapUiBtnTextStandardDisabled": "rgba(51,51,51,0.5)",
	"sapUiBtnBGStandard": "#f7f7f7",
	"sapUiBtnBGStandardHover": "#eaeaea",
	"sapUiBtnBGStandardDown": "#FFFFFF",
	"sapUiBtnBGStandardDisabled": "#fafafa",
	"sapUiBtnTextPositiveDisabled": "rgba(255,255,255,0.5)",
	"sapUiBtnBGPositive": "#007833",
	"sapUiBtnBGPositiveBorder": "#005f28",
	"sapUiBtnBGPositiveHover": "#005f28",
	"sapUiBtnBGPositiveDown": "#00451d",
	"sapUiBtnBGPositiveDisabled": "rgba(0,120,51,0.5)",
	"sapUiBtnTextNegativeDisabled": "rgba(255,255,255,0.5)",
	"sapUiBtnBGNegative": "#cc1919",
	"sapUiBtnBGNegativeBorder": "#b51616",
	"sapUiBtnBGNegativeHover": "#b51616",
	"sapUiBtnBGNegativeDown": "#9f1313",
	"sapUiBtnBGNegativeDisabled": "rgba(204,25,25,0.5)",
	"sapUiBtnTextEmphasizedDisabled": "rgba(255,255,255,0.5)",
	"sapUiBtnBGEmphasized": "#009de0",
	"sapUiBtnBGEmphasizedBorder": "#008bc7",
	"sapUiBtnBGEmphasizedHover": "#008bc7",
	"sapUiBtnBGEmphasizedDown": "#0079ad",
	"sapUiBtnBGEmphasizedDisabled": "rgba(0,157,224,0.5)",
	"sapUiBtnTextShadowEmphasized": "rgba(0,0,0,0.5)",
	"sapUiBtnBGTransparent": "transparent",
	"sapUiBtnBGTransparentHover": "rgba(222,222,222,0.5)",
	"sapUiBtnBGTransparentDown": "#FFFFFF",
	"sapUiBtnFooterBGStandardHover": "rgba(234,234,234,0.1)",
	"sapUiBtnActionSelectBG": "rgba(54,62,67,0.96)",
	"sapUiBtnActionSelectBorderColor": "rgba(100,114,123,0.96)",
	"sapUiBtnActionSelectBGTransparentHover": "rgba(68,78,84,0.96)",
	"sapUiToggleBtnPressed": "#FFFFFF",
	"sapUiToggleBtnBorder": "#f2f2f2",
	"sapUiToggleBtnPressedHover": "#f2f2f2",
	"sapUiCheckBoxCheckedColor": "#FFFFFF",
	"sapUiCheckBoxUncheckedColor": "#bfbfbf",
	"sapUiCheckBoxFocusColor": "#000",
	"sapUiDTICustomRows": "5",
	"sapUiDTICustomPhoneRows": "3",
	"sapUiDTICustomWidth": "64",
	"sapUiDTICustomHeight": "48",
	"sapUiDTICustomShowLabel": "false",
	"sapUiDTICustomHeaderText": "false",
	"sapUiDTICustomMode": "scroller",
	"sapUiDTICustomDesktopMode": "mixed",
	"sapUiDTICustomDisplay": "bubble",
	"sapUiDTICustomPhoneDisplay": "modal",
	"sapUiDTICustomFontFamily": "Arial, Helvetica, sans-serif",
	"sapUiDTICustomDialogBorder": "#999",
	"sapUiDTICustomDialogWheelsBG": "none",
	"sapUiDTICustomDialogWheelBG": "none",
	"sapUiDTICustomArrowBG": "#fff",
	"sapUiDTICustomArrowColor": "#666",
	"sapUiDTICustomArrowHoverColor": "#FFFFFF",
	"sapUiDTICustomItemText": "#666",
	"sapUiDTICustomSelectedItemText": "#000",
	"sapUiDTICustomSelectedItemBG": "#fff",
	"sapUiDTICustomButtonBG": "rgba(54,62,67,0.96)",
	"sapUiDTICustomButtonOnDesktopBG": "rgba(54,62,67,0.96)",
	"sapUiDTICustomButtonHoverBG": "#FFFFFF",
	"sapUiDTICustomButtonText": "#333",
	"sapUiDTICustomHeaderTextColor": "#666",
	"sapUiDTICustomHeaderTextShadow": "rgba(255,255,255,0.5)",
	"sapUiDTICustomHeaderBG": "#f2f2f2",
	"sapUiDTICustomFooterBG": "rgba(54,62,67,0.96)",
	"sapUiDTICustomFooterOnDesktopBG": "rgba(54,62,67,0.96)",
	"sapUiDTICustomHeaderBoxShadow": "#ddd",
	"sapUiITBTextOnlyBrandText": "#0079ad",
	"sapUiInputBaseBG": "#fff",
	"sapUiInputBaseFont": "Arial, Helvetica, sans-serif",
	"sapUiInputBaseText": "#000",
	"sapUiInputBaseBorder": "#bfbfbf",
	"sapUiInputBaseFocus": "#FFFFFF",
	"sapUiInputBasePlaceholder": "#707070",
	"sapUiInputBaseWarning": "#f0ab00",
	"sapUiInputBaseWarningBG": "#fffcb5",
	"sapUiInputBaseError": "#e52929",
	"sapUiInputBaseErrorBG": "#fbdfdf",
	"sapUiInputBaseErrorFont": "#cc1919",
	"sapUiInputBaseSuccess": "#008a3b",
	"sapUiLabelText": "#666",
	"sapUiLabelFont": "Arial, Helvetica, sans-serif",
	"sapUiListBGHeader": "#fff",
	"sapUiListBGFooter": "#f7f7f7",
	"sapUiListHeaderText": "#666",
	"sapUiListFooterText": "#666",
	"sapUiListSingleSelectMasterAsActive": "false",
	"sapUiListHeaderBorder": "#ddd",
	"sapUiGroupHeaderBG": "#f7f7f7",
	"sapUiListNoDataTextColor": "#333",
	"sapUiListTblBG": "rgba(255,255,255,0.8)",
	"sapUiListTblHeaderBorder": "#ddd",
	"sapUiListTblTextColor": "#333",
	"sapUiListTblPopinHeaderTextColor": "#666",
	"sapUiListTblPopinValueTextColor": "#000",
	"sapUiListTblPopinBG": "rgba(255,255,255,0.8)",
	"sapUiListTblPopinActiveBG": "#FFFFFF",
	"sapUiListTblPopinSelectedBG": "#fff",
	"sapUiListTblIconSize": "1rem",
	"sapUiListTblTextSize": "0.875rem",
	"sapUiLIBorder": "#e5e5e5",
	"sapUiLISelected": "#fff",
	"sapUiLIActive": "#FFFFFF",
	"sapUiLICounter": "#007cc0",
	"sapUiLIText": "#333",
	"sapUiLIStandardText": "#000",
	"sapUiLITextSec": "#666",
	"sapUiLITextInverted": "#fff",
	"sapUiLITextDisabled": "#666",
	"sapUiLIDelIcon": "true",
	"sapUiLIDelColor": "#cc1919",
	"sapUiLINavColor": "#8c8c8c",
	"sapUiLIDetailIcon": "true",
	"sapUiLIDetailColor": "#666",
	"sapUiLIDetailBGActive": "#FFFFFF",
	"sapUiLIUnreadAsBubble": "false",
	"sapUiALITextColor": "#fff",
	"sapUiMessageToastTextColor": "#fff",
	"sapUiMessageToastTextShadow": "#000",
	"sapUiPageBG": "#fff",
	"sapUiPanelBG": "#fff",
	"sapUiPopoverContBG": "#fff",
	"sapUiPopupBorderColor": "rgba(153,153,153,0.6)",
	"sapUiPopupBorder": "1px rgba(153,153,153,0.6) solid",
	"sapUiPopupBoxShadow": "0px 0px 30px 2px rgba(0,0,0,0.15)",
	"sapUiBlockLayerColor": "#000",
	"sapUiPopupButtonSeparator": "1px #000 solid",
	"sapUiPopupBorderRadius": "2px",
	"sapUiPullToRefreshText": "#666",
	"sapUiPullToRefreshArrow": "#FFFFFF",
	"sapUiPullToRefreshBG": "#f2f2f2",
	"sapUiRadioButtonSelectedColor": "#FFFFFF",
	"sapUiRadioButtonBorderColor": "#bfbfbf",
	"sapMUiScrollBarBG": "rgba(0,0,0,0.5)",
	"sapMUiScrollBarBorderColor": "#fff",
	"sapUiSegmentedBtnBG": "#fff",
	"sapUiSegmentedBtnBGSelected": "#FFFFFF",
	"sapUiSegmentedBtnBGSelectedHover": "#f2f2f2",
	"sapUiSegmentedBtnBGHover": "rgba(196,196,196,0.5)",
	"sapUiSegmentedBtnBGActive": "#FFFFFF",
	"sapUiSegmentedBtnBorder": "#dedede",
	"sapUiSegmentedBtnIconDark": "#666",
	"sapUiSegmentedBtnIconLight": "#fff",
	"sapUiSegmentedBtnText": "#00679e",
	"sapUiSegmentedBtnTextActive": "#fff",
	"sapUiSegmentedBtnTextFooter": "#fff",
	"sapUiSegmentedBtnFooterHover": "rgba(234,234,234,0.1)",
	"sapUiSegmentedBtnBorderFooter": "rgba(100,114,123,0.96)",
	"sapUiSelectBG": "#fff",
	"sapUiSelectBorderColor": "#bfbfbf",
	"sapUiSelectBorderColorPressed": "#FFFFFF",
	"sapUiSelectLabelTextColor": "#000",
	"sapUiSelectBGActive": "#FFFFFF",
	"sapUiSelectLabelTextColorPressed": "#fff",
	"sapUiSelectArrowColor": "#666",
	"sapUiSelectArrowColorActive": "#fff",
	"sapUiSelectArrowBGHover": "#f0f0f0",
	"sapUiSelectArrowBGActive": "#FFFFFF",
	"sapUiSelectIconColor": "#666",
	"sapUiSelectIconColorActive": "#fff",
	"sapUiSelectIconBGHover": "#eaeaea",
	"sapUiSelectIconBGPressed": "#FFFFFF",
	"sapUiSelectIconBorderColor": "#bfbfbf",
	"sapUiSelectFooterBGHover": "rgba(234,234,234,0.1)",
	"sapUiSelectListActiveBG": "#fff",
	"sapUiSelectListLightestBGHover": "#f0f0f0",
	"sapUiSelectListLITextInverted": "#fff",
	"sapUiSelectListHighlight": "#FFFFFF",
	"sapUiSelectListMediumBorder": "#ccc",
	"sapUiSelectListBorder": "#bfbfbf",
	"sapUiSelectListLightestBG": "#fff",
	"sapMShellContentBGOpacity": "30",
	"sapMShellContentBG": "rgba(255,255,255,0.3)",
	"sapUiSliderBG": "#ddd",
	"sapUiSliderProgressBG": "#FFFFFF",
	"sapUiSliderHandleBorder": "#999",
	"sapUiSliderHandleBG": "rgba(153,153,153,0.3)",
	"sapUiSliderHandleBGHover": "rgba(153,153,153,0.6)",
	"sapUiSliderHandleBorderPressed": "#FFFFFF",
	"sapUiSliderHandleBGPressed": "rgba(255,255,255,0.3)",
	"sapUiSplitContainerMasterBG": "#fff",
	"sapUiSplitContainerMasterShadow": "1px 0 10px rgba(0,0,0,0.15)",
	"sapUiSplitContainerMasterBorder": "1px solid rgba(0, 0, 0, 0.15)",
	"sapUiSplitContainerMasterFooterSeperator": "rgba(100,114,123,0.96)",
	"sapUiSLIIconColor": "#666",
	"sapUiSLIIconColorActive": "#fff",
	"sapUiInfoTop": "false",
	"sapUiSwitchOnBG": "#FFFFFF",
	"sapUiSwitchOnHoverBG": "#f2f2f2",
	"sapUiSwitchOffBG": "#fff",
	"sapUiSwitchHandleOnBG": "#fff",
	"sapUiSwitchHandleOffBG": "#999",
	"sapUiSwitchOnBorder": "#FFFFFF",
	"sapUiSwitchOffBorder": "#999",
	"sapUiSwitchBorderColorHover": "#FFFFFF",
	"sapUiSwitchTextOn": "#fff",
	"sapUiSwitchTextOff": "#666",
	"sapUiSwitchAcceptRejectBG": "#fff",
	"sapUiRIIconColor": "#f0ab00",
	"sapUiToolbarBG": "rgba(229,229,229,0)",
	"sapUiToolbarSolidBG": "#f7f7f7",
	"sapUiToolbarBorder": "#ccc",
	"sapUiToolbarInfoBG": "#457aae",
	"sapUiToolbarInfoHoverBG": "#2b68a3",
	"sapUiToolbarInfoActiveBG": "#125698",
	"sapUiToolbarInfoBorder": "#e5e5e5",
	"sapUiToolbarSeparatorBG": "#bfbfbf",
	"sapUiToolbarSeparatorFooterBG": "rgba(100,114,123,0.96)",
	"sapUiFeedInputBG": "#fff",
	"sapMeOverlapCalendarType00": "#e5e5e5",
	"sapMeOverlapCalendarType01": "#fff",
	"sapMeOverlapCalendarType01Action": "#cce8d8",
	"sapMeOverlapCalendarType04": "#fff",
	"sapMeOverlapCalendarType06": "#fae2a6",
	"sapMeOverlapCalendarType07": "#fceaea",
	"sapMeOverlapCalendarIndicator": "#f27020",
	"sapMeCalendarLegendIconCollapse": "collapse",
	"sapMeCalendarLegendIconExpand": "expand",
	"sapMeTabIconInfo": "hint",
	"sapMeTabColorInfo": "#f27020",
	"sapMeTabIconNotes": "notes",
	"sapMeTabColorNotes": "#ab218e",
	"sapMeTabIconAttachments": "attachment",
	"sapMeTabColorAttachments": "#007cc0",
	"sapMeTabIconPeople": "group",
	"sapMeTabColorPeople": "#004990",
	"sapuiChartLegendFontSize": "14px"
}