{
  "run": [
    {
      "filePath": "/webapp/index.html",
      "previewMode": 1,
      "dataMode": 1,
      "workspace": "withoutWorkspace",
      "ui5ActiveVersion": null,
      "ui5VerSource": null,
      "isDefaultVersion": 0,
      "urlParameters": [],
      "hashParameter": "",
      "backendSystem": [],
      "_metadata": {
        "runnerId": "webapprunner",
        "id": 3420907,
        "displayName": "Run index.html",
        "lastRunTimeStamp": 1494839622821
      }
    },
    {
      "filePath": "/dist/index.html",
      "previewMode": 1,
      "dataMode": 1,
      "workspace": "withoutWorkspace",
      "ui5ActiveVersion": null,
      "ui5VerSource": null,
      "isDefaultVersion": 0,
      "urlParameters": [],
      "hashParameter": "",
      "backendSystem": [],
      "_metadata": {
        "runnerId": "webapprunner",
        "id": 9295588,
        "displayName": "Run index.html 1",
        "lastRunTimeStamp": 1494390293515
      }
    },
    {
      "filePath": "/webapp/index.html",
      "previewMode": 1,
      "dataMode": 1,
      "workspace": "withoutWorkspace",
      "ui5ActiveVersion": null,
      "ui5VerSource": null,
      "isDefaultVersion": 0,
      "urlParameters": [],
      "hashParameter": "",
      "backendSystem": [],
      "_metadata": {
        "runnerId": "webapprunner",
        "id": 1775988,
        "displayName": "Run index.html",
        "lastRunTimeStamp": 1492927315929
      }
    }
  ]
}