{
    "resources": [
        {
            "name": "view/myopencalls.view.xml"
        },
        {
            "name": "view/main.view.xml"
        },
        {
            "name": "view/App.view.xml"
        },
        {
            "name": "view/detail.view.xml"
        },
        {
            "name": "view/search.view.xml"
        },
        {
            "name": "controller/myopencalls.controller.js"
        },
        {
            "name": "controller/main.controller.js"
        },
        {
            "name": "controller/App.controller.js"
        },
        {
            "name": "controller/detail.controller.js"
        },
        {
            "name": "controller/search.controller.js"
        },
        {
            "name": "i18n/i18n.properties",
            "raw": "i18n/i18n.properties"
        },
        {
            "name": "model/models.js"
        },
        {
            "name": "Component.js"
        },
        {
            "name": "css/style.css"
        },
        {
            "name": "manifest.json"
        },
        {
            "name": "index.html"
        },
        {
            "name": "preview_hidden.html"
        },
        {
            "name": "images/LionEnableMeLogo.png"
        },
        {
            "name": "images/enableme.png"
        },
        {
            "name": "Component-preload.js",
            "merged": true
        },
        {
            "name": "neo-app.json"
        }
    ]
}