{
	
"welcomeFile": "/webapp/index.html",	
  "routes": [
    {
      "path": "/webapp/resources",
      "target": {
        "type": "service",
        "name": "sapui5",
        "entryPath": "/resources",
        "version": "1.44.10"
      },
      "description": "SAPUI5 Resources"
    },
    {
      "path": "/webapp/test-resources",
      "target": {
        "type": "service",
        "name": "sapui5",
        "entryPath": "/test-resources",
        "version": "1.44.10"
      },
      "description": "SAPUI5 Test Resources"
    },
    {
      "path": "/resources",
      "target": {
        "type": "service",
        "name": "sapui5",
        "entryPath": "/resources",
        "version": "1.44.10"
      },
      "description": "SAPUI5 Resources"
    },
    {
      "path": "lion",
      "target": {
        "type": "application",
        "name": "lion"
      }
    },
    {
      "path": "/test-resources",
      "target": {
        "type": "service",
        "name": "sapui5",
        "entryPath": "/test-resources",
        "version": "1.44.10"
      },
      "description": "SAPUI5 Test Resources"
    },
    {
      "path": "/services/userapi",
      "target": {
        "type": "service",
        "name": "userapi"
      },
      "description": "User API"
    },
    
        {
      "path": "/WebMethods",
      "target": {
        "type": "destination",
        "name": "WebMethods"
      },
      "description": "Web Methods API"
    }
    
  
  
  ],
  "cacheControl": [
    {
      "directive": "private",
      "maxAge": 0,
      "path": "**.html"
    },
    {
      "directive": "private",
      "maxAge": 0,
      "path": "sap-ui-cachebuster-info.json"
    },
    {
      "directive": "public",
      "maxAge": 31536000
    }
  ]
}