{
  "Base/baseLib/lion/base.less": "1466646552000",
  "Base/baseLib/lion/custom.less": "1466646552000",
  "Base/baseLib/lion/preview.less": "1466646552000",
  "Base/baseLib/lion/.theming": "1466646552000",
  "Base/baseLib/lion/img/misc/sapCompanyLogo.gif": "1466646552000",
  "Base/baseLib/lion/preview.css": "1466646553000",
  "Base/baseLib/lion/fonts/supernett_cn.eot": "1466646221000",
  "Base/baseLib/lion/fonts/supernett_cn.svg": "1466646234000",
  "Base/baseLib/lion/fonts/supernett_cn.ttf": "1466646242000",
  "Base/baseLib/lion/fonts/supernett_cn.woff": "1466646256000",
  "UI5/sap/ui/core/themes/lion/library.less": "1466646552000",
  "UI5/sap/ui/core/themes/lion/global.less": "1466646552000",
  "UI5/sap/ui/core/themes/lion/custom.less": "1466646552000",
  "UI5/sap/ui/core/themes/lion/.theming": "1466646552000",
  "UI5/sap/ui/core/themes/lion/library.css": "1466646553000",
  "UI5/sap/ui/core/themes/lion/library-parameters.json": "1466646553000",
  "UI5/sap/ui/core/themes/lion/custom.css": "1466647301000",
  "UI5/sap/ui/layout/themes/lion/library.less": "1466646552000",
  "UI5/sap/ui/layout/themes/lion/.theming": "1466646552000",
  "UI5/sap/ui/layout/themes/lion/library.css": "1466646553000",
  "UI5/sap/ui/layout/themes/lion/library-parameters.json": "1466646553000",
  "UI5/sap/ui/comp/themes/lion/library.less": "1466646552000",
  "UI5/sap/ui/comp/themes/lion/.theming": "1466646552000",
  "UI5/sap/ui/comp/themes/lion/library.css": "1466646553000",
  "UI5/sap/ui/comp/themes/lion/library-parameters.json": "1466646553000",
  "UI5/sap/ui/unified/themes/lion/library.less": "1466646552000",
  "UI5/sap/ui/unified/themes/lion/.theming": "1466646552000",
  "UI5/sap/ui/unified/themes/lion/library.css": "1466646553000",
  "UI5/sap/ui/unified/themes/lion/library-parameters.json": "1466646553000",
  "UI5/sap/ui/commons/themes/lion/library.less": "1466646552000",
  "UI5/sap/ui/commons/themes/lion/.theming": "1466646552000",
  "UI5/sap/ui/commons/themes/lion/library.css": "1466646553000",
  "UI5/sap/ui/commons/themes/lion/library-parameters.json": "1466646553000",
  "UI5/sap/ui/dt/themes/lion/library.less": "1466646552000",
  "UI5/sap/ui/dt/themes/lion/.theming": "1466646552000",
  "UI5/sap/ui/dt/themes/lion/library.css": "1466646553000",
  "UI5/sap/ui/dt/themes/lion/library-parameters.json": "1466646553000",
  "UI5/sap/ui/generic/template/themes/lion/library.less": "1466646552000",
  "UI5/sap/ui/generic/template/themes/lion/.theming": "1466646552000",
  "UI5/sap/ui/generic/template/themes/lion/library.css": "1466646553000",
  "UI5/sap/ui/generic/template/themes/lion/library-parameters.json": "1466646553000",
  "UI5/sap/ui/richtexteditor/themes/lion/library.less": "1466646552000",
  "UI5/sap/ui/richtexteditor/themes/lion/.theming": "1466646552000",
  "UI5/sap/ui/richtexteditor/themes/lion/library.css": "1466646553000",
  "UI5/sap/ui/richtexteditor/themes/lion/library-parameters.json": "1466646553000",
  "UI5/sap/ui/rta/themes/lion/library.less": "1466646552000",
  "UI5/sap/ui/rta/themes/lion/.theming": "1466646552000",
  "UI5/sap/ui/rta/themes/lion/library.css": "1466646553000",
  "UI5/sap/ui/rta/themes/lion/library-parameters.json": "1466646553000",
  "UI5/sap/ui/suite/themes/lion/library.less": "1466646552000",
  "UI5/sap/ui/suite/themes/lion/.theming": "1466646552000",
  "UI5/sap/ui/suite/themes/lion/library.css": "1466646553000",
  "UI5/sap/ui/suite/themes/lion/library-parameters.json": "1466646553000",
  "UI5/sap/ui/table/themes/lion/library.less": "1466646552000",
  "UI5/sap/ui/table/themes/lion/.theming": "1466646552000",
  "UI5/sap/ui/table/themes/lion/library.css": "1466646553000",
  "UI5/sap/ui/table/themes/lion/library-parameters.json": "1466646553000",
  "UI5/sap/ui/ux3/themes/lion/library.less": "1466646552000",
  "UI5/sap/ui/ux3/themes/lion/.theming": "1466646552000",
  "UI5/sap/ui/ux3/themes/lion/library.css": "1466646553000",
  "UI5/sap/ui/ux3/themes/lion/library-parameters.json": "1466646553000",
  "UI5/sap/ui/vbm/themes/lion/library.less": "1466646552000",
  "UI5/sap/ui/vbm/themes/lion/.theming": "1466646552000",
  "UI5/sap/ui/vbm/themes/lion/library.css": "1466646553000",
  "UI5/sap/ui/vbm/themes/lion/library-parameters.json": "1466646553000",
  "UI5/sap/ui/vk/themes/lion/library.less": "1466646552000",
  "UI5/sap/ui/vk/themes/lion/.theming": "1466646552000",
  "UI5/sap/ui/vk/themes/lion/library.css": "1466646553000",
  "UI5/sap/ui/vk/themes/lion/library-parameters.json": "1466646553000",
  "UI5/sap/m/themes/lion/library.less": "1466646552000",
  "UI5/sap/m/themes/lion/.theming": "1466646552000",
  "UI5/sap/m/themes/lion/library.css": "1466646553000",
  "UI5/sap/m/themes/lion/library_ie9_1.css": "1466646553000",
  "UI5/sap/m/themes/lion/library-parameters.json": "1466646553000",
  "UI5/sap/ca/ui/themes/lion/library.less": "1466646552000",
  "UI5/sap/ca/ui/themes/lion/.theming": "1466646552000",
  "UI5/sap/ca/ui/themes/lion/library.css": "1466646553000",
  "UI5/sap/ca/ui/themes/lion/library-parameters.json": "1466646553000",
  "UI5/sap/collaboration/themes/lion/library.less": "1466646552000",
  "UI5/sap/collaboration/themes/lion/.theming": "1466646552000",
  "UI5/sap/collaboration/themes/lion/library.css": "1466646553000",
  "UI5/sap/collaboration/themes/lion/library-parameters.json": "1466646553000",
  "UI5/sap/fiori/themes/lion/library.less": "1466646552000",
  "UI5/sap/fiori/themes/lion/.theming": "1466646552000",
  "UI5/sap/fiori/themes/lion/library.css": "1466646553000",
  "UI5/sap/fiori/themes/lion/library-parameters.json": "1466646553000",
  "UI5/sap/me/themes/lion/library.less": "1466646552000",
  "UI5/sap/me/themes/lion/.theming": "1466646552000",
  "UI5/sap/me/themes/lion/library.css": "1466646553000",
  "UI5/sap/me/themes/lion/library-parameters.json": "1466646553000",
  "UI5/sap/ushell/themes/lion/library.less": "1466646552000",
  "UI5/sap/ushell/themes/lion/.theming": "1466646552000",
  "UI5/sap/ushell/themes/lion/library.css": "1466646553000",
  "UI5/sap/ushell/themes/lion/library-parameters.json": "1466646553000",
  "UI5/sap/gantt/themes/lion/library.less": "1466646552000",
  "UI5/sap/gantt/themes/lion/.theming": "1466646552000",
  "UI5/sap/gantt/themes/lion/library.css": "1466646553000",
  "UI5/sap/gantt/themes/lion/library-parameters.json": "1466646553000",
  "UI5/sap/landvisz/themes/lion/library.less": "1466646552000",
  "UI5/sap/landvisz/themes/lion/.theming": "1466646552000",
  "UI5/sap/landvisz/themes/lion/library.css": "1466646553000",
  "UI5/sap/landvisz/themes/lion/library-parameters.json": "1466646553000",
  "UI5/sap/makit/themes/lion/library.less": "1466646552000",
  "UI5/sap/makit/themes/lion/.theming": "1466646552000",
  "UI5/sap/makit/themes/lion/library.css": "1466646553000",
  "UI5/sap/makit/themes/lion/library-parameters.json": "1466646553000",
  "UI5/sap/ovp/themes/lion/library.less": "1466646552000",
  "UI5/sap/ovp/themes/lion/.theming": "1466646552000",
  "UI5/sap/ovp/themes/lion/library.css": "1466646553000",
  "UI5/sap/ovp/themes/lion/library-parameters.json": "1466646553000",
  "UI5/sap/suite/ui/commons/themes/lion/library.less": "1466646552000",
  "UI5/sap/suite/ui/commons/themes/lion/.theming": "1466646552000",
  "UI5/sap/suite/ui/commons/themes/lion/library.css": "1466646553000",
  "UI5/sap/suite/ui/commons/themes/lion/library-parameters.json": "1466646553000",
  "UI5/sap/suite/ui/generic/template/themes/lion/library.less": "1466646552000",
  "UI5/sap/suite/ui/generic/template/themes/lion/.theming": "1466646552000",
  "UI5/sap/suite/ui/generic/template/themes/lion/library.css": "1466646553000",
  "UI5/sap/suite/ui/generic/template/themes/lion/library-parameters.json": "1466646553000",
  "UI5/sap/suite/ui/microchart/themes/lion/library.less": "1466646552000",
  "UI5/sap/suite/ui/microchart/themes/lion/.theming": "1466646552000",
  "UI5/sap/suite/ui/microchart/themes/lion/library.css": "1466646553000",
  "UI5/sap/suite/ui/microchart/themes/lion/library-parameters.json": "1466646553000",
  "UI5/sap/tnt/themes/lion/library.less": "1466646552000",
  "UI5/sap/tnt/themes/lion/.theming": "1466646552000",
  "UI5/sap/tnt/themes/lion/library.css": "1466646553000",
  "UI5/sap/tnt/themes/lion/library-parameters.json": "1466646553000",
  "UI5/sap/uiext/inbox/themes/lion/library.less": "1466646552000",
  "UI5/sap/uiext/inbox/themes/lion/.theming": "1466646552000",
  "UI5/sap/uiext/inbox/themes/lion/library.css": "1466646553000",
  "UI5/sap/uiext/inbox/themes/lion/library-parameters.json": "1466646553000",
  "UI5/sap/uxap/themes/lion/library.less": "1466646552000",
  "UI5/sap/uxap/themes/lion/.theming": "1466646552000",
  "UI5/sap/uxap/themes/lion/library.css": "1466646553000",
  "UI5/sap/uxap/themes/lion/library-parameters.json": "1466646553000",
  "UR/baseLib/lion/base.less": "1466646552000",
  "UR/baseLib/lion/standards.less": "1466646552000",
  "UR/baseLib/lion/.theming": "1466646552000",
  "UR/ls/lion/base.less": "1466646552000",
  "UR/ls/lion/standards.less": "1466646552000",
  "UR/ls/lion/custom.less": "1466646552000",
  "UR/ls/lion/.theming": "1466646552000",
  "UR/ls/lion/standards.css": "1466646553000",
  "UR/ls/lion/standards-ie_split_1.css": "1466646553000",
  "exportedThemeInfo.json": "1466646553000",
  "UI5/sap/ui/core/themes/lion/fonts/supernett_cn.eot": "1466646746000",
  "UI5/sap/ui/core/themes/lion/fonts/supernett_cn.svg": "1466646756000",
  "UI5/sap/ui/core/themes/lion/fonts/supernett_cn.ttf": "1466646765000",
  "UI5/sap/ui/core/themes/lion/fonts/supernett_cn.woff": "1466646773000"
}