<edmx:Edmx
    xmlns:edmx="http://schemas.microsoft.com/ado/2007/06/edmx"
    xmlns:m="http://schemas.microsoft.com/ado/2007/08/dataservices/metadata"
    xmlns:sap="http://www.sap.com/Protocols/SAPData" Version="1.0">
    <edmx:DataServices m:DataServiceVersion="2.0">
        <Schema
            xmlns="http://schemas.microsoft.com/ado/2008/09/edm" Namespace="ZOGSM_SRV" xml:lang="en" sap:schema-version="1 ">
            <EntityType Name="Subscription" sap:semantics="subscriptions" sap:content-version="1">
                <Key>
                    <PropertyRef Name="ID"/>
                </Key>
                <Property Name="ID" Type="Edm.String" Nullable="false" MaxLength="32" sap:label="Sub. ID" sap:creatable="false" sap:updatable="false" sap:filterable="false"/>
                <Property Name="user" Type="Edm.String" MaxLength="12" m:FC_TargetPath="SyndicationAuthorName" m:FC_KeepInContent="false" sap:label="User Name" sap:creatable="false" sap:filterable="false"/>
                <Property Name="updated" Type="Edm.DateTime" Precision="0" m:FC_TargetPath="SyndicationUpdated" m:FC_KeepInContent="false" sap:label="Time Stamp" sap:creatable="false" sap:filterable="false"/>
                <Property Name="title" Type="Edm.String" MaxLength="255" m:FC_TargetPath="SyndicationTitle" m:FC_KeepInContent="false" sap:label="Title" sap:filterable="false"/>
                <Property Name="deliveryAddress" Type="Edm.String" sap:label="Delivery Address" sap:filterable="false"/>
                <Property Name="persistNotifications" Type="Edm.Boolean" sap:label="Persist Notification" sap:filterable="false"/>
                <Property Name="collection" Type="Edm.String" MaxLength="40" sap:label="Collection" sap:filterable="false"/>
                <Property Name="filter" Type="Edm.String" sap:label="Filter" sap:filterable="false"/>
                <Property Name="select" Type="Edm.String" MaxLength="255" sap:label="Select" sap:filterable="false"/>
                <Property Name="changeType" Type="Edm.String" MaxLength="30" sap:label="Change Type"/>
            </EntityType>
            <EntityType Name="Notification" sap:semantics="notifications" sap:content-version="1">
                <Key>
                    <PropertyRef Name="ID"/>
                </Key>
                <Property Name="ID" Type="Edm.String" Nullable="false" MaxLength="32" sap:label="Notification ID"/>
                <Property Name="collection" Type="Edm.String" MaxLength="40" sap:label="Collection"/>
                <Property Name="title" Type="Edm.String" m:FC_TargetPath="SyndicationTitle" m:FC_KeepInContent="false" sap:label="Notif. Text"/>
                <Property Name="updated" Type="Edm.DateTime" Precision="0" m:FC_TargetPath="SyndicationUpdated" m:FC_KeepInContent="false" sap:label="Time Stamp"/>
                <Property Name="changeType" Type="Edm.String" MaxLength="30" sap:label="Change Type"/>
                <Property Name="entriesOfInterest" Type="Edm.Int32" sap:label="No. of Entries"/>
                <Property Name="recipient" Type="Edm.String" MaxLength="112" sap:label="Recipient" sap:creatable="false" sap:updatable="false"/>
            </EntityType>
            <EntityType Name="ZMC_FARMER" sap:content-version="1">
                <Key>
                    <PropertyRef Name="Lifnr"/>
                </Key>
                <Property Name="Lifnr" Type="Edm.String" Nullable="false" MaxLength="10" sap:label="Vendor" sap:creatable="false" sap:updatable="false" sap:sortable="false" sap:filterable="false"/>
                <Property Name="Name" Type="Edm.String" Nullable="false" MaxLength="30" sap:label="Name 1" sap:creatable="false" sap:updatable="false" sap:sortable="false" sap:filterable="false"/>
                <Property Name="ZzFrZone" Type="Edm.String" Nullable="false" MaxLength="10" sap:label="Milk Freight Zone" sap:creatable="false" sap:updatable="false" sap:sortable="false" sap:filterable="false"/>
                <Property Name="Vtext" Type="Edm.String" Nullable="false" MaxLength="20" sap:label="Description" sap:creatable="false" sap:updatable="false" sap:sortable="false" sap:filterable="false"/>
            </EntityType>
            <EntityType Name="ZMILK_COOLING" sap:content-version="1">
                <Key>
                    <PropertyRef Name="Event"/>
                    <PropertyRef Name="Temperature"/>
                    <PropertyRef Name="Time"/>
                </Key>
                <Property Name="CreatedBy" Type="Edm.String" Nullable="false" MaxLength="241" sap:label="User Name" sap:creatable="false" sap:updatable="false" sap:sortable="false" sap:filterable="false"/>
                <Property Name="Event" Type="Edm.String" Nullable="false" MaxLength="1" sap:label="Number" sap:creatable="false" sap:updatable="false" sap:sortable="false" sap:filterable="false"/>
                <Property Name="DriverName" Type="Edm.String" Nullable="false" MaxLength="30" sap:label="Contact Name" sap:creatable="false" sap:updatable="false" sap:sortable="false" sap:filterable="false"/>
                <Property Name="Temperature" Type="Edm.Decimal" Nullable="false" Precision="7" Scale="2" sap:label="Milk Temperature" sap:creatable="false" sap:updatable="false" sap:sortable="false" sap:filterable="false"/>
                <Property Name="DriverPhone" Type="Edm.String" Nullable="false" MaxLength="30" sap:label="Contact Phone" sap:creatable="false" sap:updatable="false" sap:sortable="false" sap:filterable="false"/>
                <Property Name="Time" Type="Edm.String" Nullable="false" MaxLength="4" sap:label="Counter" sap:creatable="false" sap:updatable="false" sap:sortable="false" sap:filterable="false"/>
                <Property Name="Nmtl" Type="Edm.Decimal" Nullable="false" Precision="7" Scale="2" sap:label="NMTL" sap:creatable="false" sap:updatable="false" sap:sortable="false" sap:filterable="false"/>
                <Property Name="Supply" Type="Edm.Decimal" Nullable="false" Precision="8" Scale="2" sap:label="x" sap:creatable="false" sap:updatable="false" sap:sortable="false" sap:filterable="false"/>
                <Property Name="TotalLoad" Type="Edm.Decimal" Nullable="false" Precision="8" Scale="2" sap:label="x" sap:creatable="false" sap:updatable="false" sap:sortable="false" sap:filterable="false"/>
                <Property Name="TimeToUnload" Type="Edm.Decimal" Nullable="false" Precision="8" Scale="2" sap:label="x" sap:creatable="false" sap:updatable="false" sap:sortable="false" sap:filterable="false"/>
                <Property Name="EstTemp" Type="Edm.Decimal" Nullable="false" Precision="8" Scale="2" sap:label="x" sap:creatable="false" sap:updatable="false" sap:sortable="false" sap:filterable="false"/>
                <Property Name="ContactName" Type="Edm.String" Nullable="false" MaxLength="30" sap:label="30 Characters" sap:creatable="false" sap:updatable="false" sap:sortable="false" sap:filterable="false"/>
                <Property Name="ContactPhone" Type="Edm.String" Nullable="false" MaxLength="30" sap:label="30 Characters" sap:creatable="false" sap:updatable="false" sap:sortable="false" sap:filterable="false"/>
                <Property Name="Carrier" Type="Edm.String" Nullable="false" MaxLength="30" sap:label="30 Characters" sap:creatable="false" sap:updatable="false" sap:sortable="false" sap:filterable="false"/>
                <Property Name="Farmer" Type="Edm.String" Nullable="false" MaxLength="30" sap:label="30 Characters" sap:creatable="false" sap:updatable="false" sap:sortable="false" sap:filterable="false"/>
                <Property Name="ReceivingSite" Type="Edm.String" Nullable="false" MaxLength="30" sap:label="30 Characters" sap:creatable="false" sap:updatable="false" sap:sortable="false" sap:filterable="false"/>
                <Property Name="Crn" Type="Edm.String" Nullable="false" MaxLength="6" sap:label="30 Characters" sap:creatable="false" sap:updatable="false" sap:sortable="false" sap:filterable="false"/>
            </EntityType>
            <EntityType Name="H_PLANT" sap:content-version="1">
                <Key>
                    <PropertyRef Name="Werks"/>
                </Key>
                <Property Name="Name1" Type="Edm.String" Nullable="false" MaxLength="30" sap:label="Name 1" sap:creatable="false" sap:updatable="false" sap:sortable="false" sap:filterable="false"/>
                <Property Name="Werks" Type="Edm.String" Nullable="false" MaxLength="4" sap:label="Plant" sap:creatable="false" sap:updatable="false" sap:sortable="false" sap:filterable="false"/>
                <Property Name="Contact_name" Type="Edm.String" Nullable="false" MaxLength="30" sap:label="Contact Name" sap:creatable="false" sap:updatable="false" sap:sortable="false" sap:filterable="false"/>
                <Property Name="Contact_phone" Type="Edm.String" Nullable="false" MaxLength="30" sap:label="Contact Phone" sap:creatable="false" sap:updatable="false" sap:sortable="false" sap:filterable="false"/>
            </EntityType>
            <EntityType Name="ZMC_CARRIER_LIST" sap:content-version="1">
                <Key>
                    <PropertyRef Name="Lifnr"/>
                </Key>
                <Property Name="Lifnr" Type="Edm.String" Nullable="false" MaxLength="10" sap:label="Vendor" sap:creatable="false" sap:updatable="false" sap:sortable="false" sap:filterable="false"/>
                <Property Name="Name1" Type="Edm.String" Nullable="false" MaxLength="30" sap:label="Name 1" sap:creatable="false" sap:updatable="false" sap:sortable="false" sap:filterable="false"/>
            </EntityType>
            <EntityContainer Name="ZOGSM_SRV_Entities" m:IsDefaultEntityContainer="true" sap:supported-formats="atom json xlsx">
                <EntitySet Name="SubscriptionCollection" EntityType="ZOGSM_SRV.Subscription" sap:content-version="1"/>
                <EntitySet Name="NotificationCollection" EntityType="ZOGSM_SRV.Notification" sap:creatable="false" sap:updatable="false" sap:deletable="false" sap:addressable="false" sap:content-version="1"/>
                <EntitySet Name="ZMC_FARMERSet" EntityType="ZOGSM_SRV.ZMC_FARMER" sap:searchable="true" sap:requires-filter="true" sap:content-version="1"/>
                <EntitySet Name="ZMILK_COOLINGSet" EntityType="ZOGSM_SRV.ZMILK_COOLING" sap:searchable="true" sap:requires-filter="true" sap:content-version="1"/>
                <EntitySet Name="H_PLANTSet" EntityType="ZOGSM_SRV.H_PLANT" sap:creatable="false" sap:updatable="false" sap:deletable="false" sap:pageable="false" sap:content-version="1"/>
                <EntitySet Name="ZMC_CARRIER_LISTSet" EntityType="ZOGSM_SRV.ZMC_CARRIER_LIST" sap:creatable="false" sap:updatable="false" sap:deletable="false" sap:pageable="false" sap:content-version="1"/>
            </EntityContainer>
            <atom:link
                xmlns:atom="http://www.w3.org/2005/Atom" rel="self" href="./sap/opu/odata/sap/ZOGSM_SRV/$metadata"/>
                <atom:link
                    xmlns:atom="http://www.w3.org/2005/Atom" rel="latest-version" href="./sap/opu/odata/sap/ZOGSM_SRV/$metadata"/>
                </Schema>
            </edmx:DataServices>
        </edmx:Edmx>