[{
	"SalesOrderID": "SalesOrderID 1",
	"Note": "Note 1",
	"NoteLanguage": "NoteLanguage 1",
	"CustomerID": "BusinessPartnerID 1",
	"CustomerName": "CustomerName 1",
	"CurrencyCode": "CurrencyCode 1",
	"GrossAmount": 1305.96,
	"NetAmount": 2681.16,
	"TaxAmount": 8984.76,
	"LifecycleStatus": "LifecycleStatus 1",
	"LifecycleStatusDescription": "LifecycleStatusDescription 1",
	"BillingStatus": "BillingStatus 1",
	"BillingStatusDescription": "BillingStatusDescription 1",
	"DeliveryStatus": "DeliveryStatus 1",
	"DeliveryStatusDescription": "DeliveryStatusDescription 1",
	"CreatedAt": "/Date(1068269544000)/",
	"ChangedAt": "/Date(1158647544000)/",
	"__metadata": {
		"uri": "SalesOrderSet('SalesOrderID%201')",
		"type": "/IWBEP/GWSAMPLE_BASIC.SalesOrder"
	},
	"ToBusinessPartner": {
		"__deferred": {
			"uri": "SalesOrderSet('SalesOrderID%201')/ToBusinessPartner"
		}
	},
	"ToLineItems": {
		"__deferred": {
			"uri": "SalesOrderSet('SalesOrderID%201')/ToLineItems"
		}
	}
}, {
	"SalesOrderID": "SalesOrderID 2",
	"Note": "Note 2",
	"NoteLanguage": "NoteLanguage 2",
	"CustomerID": "BusinessPartnerID 2",
	"CustomerName": "CustomerName 2",
	"CurrencyCode": "CurrencyCode 2",
	"GrossAmount": 4288.57,
	"NetAmount": 946.09,
	"TaxAmount": 3341.69,
	"LifecycleStatus": "LifecycleStatus 2",
	"LifecycleStatusDescription": "LifecycleStatusDescription 2",
	"BillingStatus": "BillingStatus 2",
	"BillingStatusDescription": "BillingStatusDescription 2",
	"DeliveryStatus": "DeliveryStatus 2",
	"DeliveryStatusDescription": "DeliveryStatusDescription 2",
	"CreatedAt": "/Date(1479706344000)/",
	"ChangedAt": "/Date(1280644344000)/",
	"__metadata": {
		"uri": "SalesOrderSet('SalesOrderID%202')",
		"type": "/IWBEP/GWSAMPLE_BASIC.SalesOrder"
	},
	"ToBusinessPartner": {
		"__deferred": {
			"uri": "SalesOrderSet('SalesOrderID%202')/ToBusinessPartner"
		}
	},
	"ToLineItems": {
		"__deferred": {
			"uri": "SalesOrderSet('SalesOrderID%202')/ToLineItems"
		}
	}
}, {
	"SalesOrderID": "SalesOrderID 3",
	"Note": "Note 3",
	"NoteLanguage": "NoteLanguage 3",
	"CustomerID": "BusinessPartnerID 3",
	"CustomerName": "CustomerName 3",
	"CurrencyCode": "CurrencyCode 3",
	"GrossAmount": 4575.19,
	"NetAmount": 387.14,
	"TaxAmount": 6398.66,
	"LifecycleStatus": "LifecycleStatus 3",
	"LifecycleStatusDescription": "LifecycleStatusDescription 3",
	"BillingStatus": "BillingStatus 3",
	"BillingStatusDescription": "BillingStatusDescription 3",
	"DeliveryStatus": "DeliveryStatus 3",
	"DeliveryStatusDescription": "DeliveryStatusDescription 3",
	"CreatedAt": "/Date(1506580344000)/",
	"ChangedAt": "/Date(984202344000)/",
	"__metadata": {
		"uri": "SalesOrderSet('SalesOrderID%203')",
		"type": "/IWBEP/GWSAMPLE_BASIC.SalesOrder"
	},
	"ToBusinessPartner": {
		"__deferred": {
			"uri": "SalesOrderSet('SalesOrderID%203')/ToBusinessPartner"
		}
	},
	"ToLineItems": {
		"__deferred": {
			"uri": "SalesOrderSet('SalesOrderID%203')/ToLineItems"
		}
	}
}, {
	"SalesOrderID": "SalesOrderID 4",
	"Note": "Note 4",
	"NoteLanguage": "NoteLanguage 4",
	"CustomerID": "BusinessPartnerID 4",
	"CustomerName": "CustomerName 4",
	"CurrencyCode": "CurrencyCode 4",
	"GrossAmount": 9159.46,
	"NetAmount": 8242.07,
	"TaxAmount": 2712.78,
	"LifecycleStatus": "LifecycleStatus 4",
	"LifecycleStatusDescription": "LifecycleStatusDescription 4",
	"BillingStatus": "BillingStatus 4",
	"BillingStatusDescription": "BillingStatusDescription 4",
	"DeliveryStatus": "DeliveryStatus 4",
	"DeliveryStatusDescription": "DeliveryStatusDescription 4",
	"CreatedAt": "/Date(1016775144000)/",
	"ChangedAt": "/Date(1348381944000)/",
	"__metadata": {
		"uri": "SalesOrderSet('SalesOrderID%204')",
		"type": "/IWBEP/GWSAMPLE_BASIC.SalesOrder"
	},
	"ToBusinessPartner": {
		"__deferred": {
			"uri": "SalesOrderSet('SalesOrderID%204')/ToBusinessPartner"
		}
	},
	"ToLineItems": {
		"__deferred": {
			"uri": "SalesOrderSet('SalesOrderID%204')/ToLineItems"
		}
	}
}, {
	"SalesOrderID": "SalesOrderID 5",
	"Note": "Note 5",
	"NoteLanguage": "NoteLanguage 5",
	"CustomerID": "BusinessPartnerID 5",
	"CustomerName": "CustomerName 5",
	"CurrencyCode": "CurrencyCode 5",
	"GrossAmount": 6236.43,
	"NetAmount": 5546.74,
	"TaxAmount": 2115.04,
	"LifecycleStatus": "LifecycleStatus 5",
	"LifecycleStatusDescription": "LifecycleStatusDescription 5",
	"BillingStatus": "BillingStatus 5",
	"BillingStatusDescription": "BillingStatusDescription 5",
	"DeliveryStatus": "DeliveryStatus 5",
	"DeliveryStatusDescription": "DeliveryStatusDescription 5",
	"CreatedAt": "/Date(1372141944000)/",
	"ChangedAt": "/Date(974352744000)/",
	"__metadata": {
		"uri": "SalesOrderSet('SalesOrderID%205')",
		"type": "/IWBEP/GWSAMPLE_BASIC.SalesOrder"
	},
	"ToBusinessPartner": {
		"__deferred": {
			"uri": "SalesOrderSet('SalesOrderID%205')/ToBusinessPartner"
		}
	},
	"ToLineItems": {
		"__deferred": {
			"uri": "SalesOrderSet('SalesOrderID%205')/ToLineItems"
		}
	}
}, {
	"SalesOrderID": "SalesOrderID 6",
	"Note": "Note 6",
	"NoteLanguage": "NoteLanguage 6",
	"CustomerID": "BusinessPartnerID 6",
	"CustomerName": "CustomerName 6",
	"CurrencyCode": "CurrencyCode 6",
	"GrossAmount": 8764.54,
	"NetAmount": 4365.14,
	"TaxAmount": 9355.78,
	"LifecycleStatus": "LifecycleStatus 6",
	"LifecycleStatusDescription": "LifecycleStatusDescription 6",
	"BillingStatus": "BillingStatus 6",
	"BillingStatusDescription": "BillingStatusDescription 6",
	"DeliveryStatus": "DeliveryStatus 6",
	"DeliveryStatusDescription": "DeliveryStatusDescription 6",
	"CreatedAt": "/Date(1092551544000)/",
	"ChangedAt": "/Date(989476344000)/",
	"__metadata": {
		"uri": "SalesOrderSet('SalesOrderID%206')",
		"type": "/IWBEP/GWSAMPLE_BASIC.SalesOrder"
	},
	"ToBusinessPartner": {
		"__deferred": {
			"uri": "SalesOrderSet('SalesOrderID%206')/ToBusinessPartner"
		}
	},
	"ToLineItems": {
		"__deferred": {
			"uri": "SalesOrderSet('SalesOrderID%206')/ToLineItems"
		}
	}
}, {
	"SalesOrderID": "SalesOrderID 7",
	"Note": "Note 7",
	"NoteLanguage": "NoteLanguage 7",
	"CustomerID": "BusinessPartnerID 7",
	"CustomerName": "CustomerName 7",
	"CurrencyCode": "CurrencyCode 7",
	"GrossAmount": 259.05,
	"NetAmount": 6948.54,
	"TaxAmount": 7168.21,
	"LifecycleStatus": "LifecycleStatus 7",
	"LifecycleStatusDescription": "LifecycleStatusDescription 7",
	"BillingStatus": "BillingStatus 7",
	"BillingStatusDescription": "BillingStatusDescription 7",
	"DeliveryStatus": "DeliveryStatus 7",
	"DeliveryStatusDescription": "DeliveryStatusDescription 7",
	"CreatedAt": "/Date(1024036344000)/",
	"ChangedAt": "/Date(975216744000)/",
	"__metadata": {
		"uri": "SalesOrderSet('SalesOrderID%207')",
		"type": "/IWBEP/GWSAMPLE_BASIC.SalesOrder"
	},
	"ToBusinessPartner": {
		"__deferred": {
			"uri": "SalesOrderSet('SalesOrderID%207')/ToBusinessPartner"
		}
	},
	"ToLineItems": {
		"__deferred": {
			"uri": "SalesOrderSet('SalesOrderID%207')/ToLineItems"
		}
	}
}, {
	"SalesOrderID": "SalesOrderID 8",
	"Note": "Note 8",
	"NoteLanguage": "NoteLanguage 8",
	"CustomerID": "BusinessPartnerID 8",
	"CustomerName": "CustomerName 8",
	"CurrencyCode": "CurrencyCode 8",
	"GrossAmount": 5547.92,
	"NetAmount": 6050.68,
	"TaxAmount": 3625.8,
	"LifecycleStatus": "LifecycleStatus 8",
	"LifecycleStatusDescription": "LifecycleStatusDescription 8",
	"BillingStatus": "BillingStatus 8",
	"BillingStatusDescription": "BillingStatusDescription 8",
	"DeliveryStatus": "DeliveryStatus 8",
	"DeliveryStatusDescription": "DeliveryStatusDescription 8",
	"CreatedAt": "/Date(1521783144000)/",
	"ChangedAt": "/Date(1071898344000)/",
	"__metadata": {
		"uri": "SalesOrderSet('SalesOrderID%208')",
		"type": "/IWBEP/GWSAMPLE_BASIC.SalesOrder"
	},
	"ToBusinessPartner": {
		"__deferred": {
			"uri": "SalesOrderSet('SalesOrderID%208')/ToBusinessPartner"
		}
	},
	"ToLineItems": {
		"__deferred": {
			"uri": "SalesOrderSet('SalesOrderID%208')/ToLineItems"
		}
	}
}, {
	"SalesOrderID": "SalesOrderID 9",
	"Note": "Note 9",
	"NoteLanguage": "NoteLanguage 9",
	"CustomerID": "BusinessPartnerID 9",
	"CustomerName": "CustomerName 9",
	"CurrencyCode": "CurrencyCode 9",
	"GrossAmount": 2910.96,
	"NetAmount": 5640.54,
	"TaxAmount": 2962.47,
	"LifecycleStatus": "LifecycleStatus 9",
	"LifecycleStatusDescription": "LifecycleStatusDescription 9",
	"BillingStatus": "BillingStatus 9",
	"BillingStatusDescription": "BillingStatusDescription 9",
	"DeliveryStatus": "DeliveryStatus 9",
	"DeliveryStatusDescription": "DeliveryStatusDescription 9",
	"CreatedAt": "/Date(1378881144000)/",
	"ChangedAt": "/Date(1033281144000)/",
	"__metadata": {
		"uri": "SalesOrderSet('SalesOrderID%209')",
		"type": "/IWBEP/GWSAMPLE_BASIC.SalesOrder"
	},
	"ToBusinessPartner": {
		"__deferred": {
			"uri": "SalesOrderSet('SalesOrderID%209')/ToBusinessPartner"
		}
	},
	"ToLineItems": {
		"__deferred": {
			"uri": "SalesOrderSet('SalesOrderID%209')/ToLineItems"
		}
	}
}, {
	"SalesOrderID": "SalesOrderID 10",
	"Note": "Note 10",
	"NoteLanguage": "NoteLanguage 10",
	"CustomerID": "BusinessPartnerID 10",
	"CustomerName": "CustomerName 10",
	"CurrencyCode": "CurrencyCode 10",
	"GrossAmount": 1871.28,
	"NetAmount": 8863.03,
	"TaxAmount": 4677.65,
	"LifecycleStatus": "LifecycleStatus 10",
	"LifecycleStatusDescription": "LifecycleStatusDescription 10",
	"BillingStatus": "BillingStatus 10",
	"BillingStatusDescription": "BillingStatusDescription 10",
	"DeliveryStatus": "DeliveryStatus 10",
	"DeliveryStatusDescription": "DeliveryStatusDescription 10",
	"CreatedAt": "/Date(1162013544000)/",
	"ChangedAt": "/Date(1413869544000)/",
	"__metadata": {
		"uri": "SalesOrderSet('SalesOrderID%2010')",
		"type": "/IWBEP/GWSAMPLE_BASIC.SalesOrder"
	},
	"ToBusinessPartner": {
		"__deferred": {
			"uri": "SalesOrderSet('SalesOrderID%2010')/ToBusinessPartner"
		}
	},
	"ToLineItems": {
		"__deferred": {
			"uri": "SalesOrderSet('SalesOrderID%2010')/ToLineItems"
		}
	}
}]