[{
	"SalesOrderID": "SalesOrderID 1",
	"ItemPosition": "ItemPosition 1",
	"ProductID": "ProductID 1",
	"Note": "Note 1",
	"NoteLanguage": "NoteLanguage 1",
	"CurrencyCode": "CurrencyCode 1",
	"GrossAmount": 4425.07,
	"NetAmount": 2688.51,
	"TaxAmount": 3493.66,
	"DeliveryDate": "/Date(1445751147000)/",
	"Quantity": 5515.05,
	"QuantityUnit": "QuantityUnit 1",
	"__metadata": {
		"uri": "SalesOrderLineItemSet(SalesOrderID='SalesOrderID%201',ItemPosition='ItemPosition%201')",
		"type": "/IWBEP/GWSAMPLE_BASIC.SalesOrderLineItem"
	},
	"ToHeader": {
		"__deferred": {
			"uri": "SalesOrderLineItemSet(SalesOrderID='SalesOrderID%201',ItemPosition='ItemPosition%201')/ToHeader"
		}
	},
	"ToProduct": {
		"__deferred": {
			"uri": "SalesOrderLineItemSet(SalesOrderID='SalesOrderID%201',ItemPosition='ItemPosition%201')/ToProduct"
		}
	}
}, {
	"SalesOrderID": "SalesOrderID 2",
	"ItemPosition": "ItemPosition 2",
	"ProductID": "ProductID 2",
	"Note": "Note 2",
	"NoteLanguage": "NoteLanguage 2",
	"CurrencyCode": "CurrencyCode 2",
	"GrossAmount": 7274.32,
	"NetAmount": 4648.24,
	"TaxAmount": 1720.92,
	"DeliveryDate": "/Date(1002519147000)/",
	"Quantity": 2609.91,
	"QuantityUnit": "QuantityUnit 2",
	"__metadata": {
		"uri": "SalesOrderLineItemSet(SalesOrderID='SalesOrderID%202',ItemPosition='ItemPosition%202')",
		"type": "/IWBEP/GWSAMPLE_BASIC.SalesOrderLineItem"
	},
	"ToHeader": {
		"__deferred": {
			"uri": "SalesOrderLineItemSet(SalesOrderID='SalesOrderID%202',ItemPosition='ItemPosition%202')/ToHeader"
		}
	},
	"ToProduct": {
		"__deferred": {
			"uri": "SalesOrderLineItemSet(SalesOrderID='SalesOrderID%202',ItemPosition='ItemPosition%202')/ToProduct"
		}
	}
}, {
	"SalesOrderID": "SalesOrderID 3",
	"ItemPosition": "ItemPosition 3",
	"ProductID": "ProductID 3",
	"Note": "Note 3",
	"NoteLanguage": "NoteLanguage 3",
	"CurrencyCode": "CurrencyCode 3",
	"GrossAmount": 7721.42,
	"NetAmount": 1381.3,
	"TaxAmount": 6355.11,
	"DeliveryDate": "/Date(1529476347000)/",
	"Quantity": 2742.68,
	"QuantityUnit": "QuantityUnit 3",
	"__metadata": {
		"uri": "SalesOrderLineItemSet(SalesOrderID='SalesOrderID%203',ItemPosition='ItemPosition%203')",
		"type": "/IWBEP/GWSAMPLE_BASIC.SalesOrderLineItem"
	},
	"ToHeader": {
		"__deferred": {
			"uri": "SalesOrderLineItemSet(SalesOrderID='SalesOrderID%203',ItemPosition='ItemPosition%203')/ToHeader"
		}
	},
	"ToProduct": {
		"__deferred": {
			"uri": "SalesOrderLineItemSet(SalesOrderID='SalesOrderID%203',ItemPosition='ItemPosition%203')/ToProduct"
		}
	}
}, {
	"SalesOrderID": "SalesOrderID 4",
	"ItemPosition": "ItemPosition 4",
	"ProductID": "ProductID 4",
	"Note": "Note 4",
	"NoteLanguage": "NoteLanguage 4",
	"CurrencyCode": "CurrencyCode 4",
	"GrossAmount": 4883.06,
	"NetAmount": 1273.6,
	"TaxAmount": 5565.6,
	"DeliveryDate": "/Date(1193031147000)/",
	"Quantity": 1156.76,
	"QuantityUnit": "QuantityUnit 4",
	"__metadata": {
		"uri": "SalesOrderLineItemSet(SalesOrderID='SalesOrderID%204',ItemPosition='ItemPosition%204')",
		"type": "/IWBEP/GWSAMPLE_BASIC.SalesOrderLineItem"
	},
	"ToHeader": {
		"__deferred": {
			"uri": "SalesOrderLineItemSet(SalesOrderID='SalesOrderID%204',ItemPosition='ItemPosition%204')/ToHeader"
		}
	},
	"ToProduct": {
		"__deferred": {
			"uri": "SalesOrderLineItemSet(SalesOrderID='SalesOrderID%204',ItemPosition='ItemPosition%204')/ToProduct"
		}
	}
}, {
	"SalesOrderID": "SalesOrderID 5",
	"ItemPosition": "ItemPosition 5",
	"ProductID": "ProductID 5",
	"Note": "Note 5",
	"NoteLanguage": "NoteLanguage 5",
	"CurrencyCode": "CurrencyCode 5",
	"GrossAmount": 1405.96,
	"NetAmount": 2157.43,
	"TaxAmount": 6299.02,
	"DeliveryDate": "/Date(1145601147000)/",
	"Quantity": 5880.87,
	"QuantityUnit": "QuantityUnit 5",
	"__metadata": {
		"uri": "SalesOrderLineItemSet(SalesOrderID='SalesOrderID%205',ItemPosition='ItemPosition%205')",
		"type": "/IWBEP/GWSAMPLE_BASIC.SalesOrderLineItem"
	},
	"ToHeader": {
		"__deferred": {
			"uri": "SalesOrderLineItemSet(SalesOrderID='SalesOrderID%205',ItemPosition='ItemPosition%205')/ToHeader"
		}
	},
	"ToProduct": {
		"__deferred": {
			"uri": "SalesOrderLineItemSet(SalesOrderID='SalesOrderID%205',ItemPosition='ItemPosition%205')/ToProduct"
		}
	}
}, {
	"SalesOrderID": "SalesOrderID 6",
	"ItemPosition": "ItemPosition 6",
	"ProductID": "ProductID 6",
	"Note": "Note 6",
	"NoteLanguage": "NoteLanguage 6",
	"CurrencyCode": "CurrencyCode 6",
	"GrossAmount": 7357.41,
	"NetAmount": 3109.38,
	"TaxAmount": 2426.36,
	"DeliveryDate": "/Date(1422509547000)/",
	"Quantity": 8783.19,
	"QuantityUnit": "QuantityUnit 6",
	"__metadata": {
		"uri": "SalesOrderLineItemSet(SalesOrderID='SalesOrderID%206',ItemPosition='ItemPosition%206')",
		"type": "/IWBEP/GWSAMPLE_BASIC.SalesOrderLineItem"
	},
	"ToHeader": {
		"__deferred": {
			"uri": "SalesOrderLineItemSet(SalesOrderID='SalesOrderID%206',ItemPosition='ItemPosition%206')/ToHeader"
		}
	},
	"ToProduct": {
		"__deferred": {
			"uri": "SalesOrderLineItemSet(SalesOrderID='SalesOrderID%206',ItemPosition='ItemPosition%206')/ToProduct"
		}
	}
}, {
	"SalesOrderID": "SalesOrderID 7",
	"ItemPosition": "ItemPosition 7",
	"ProductID": "ProductID 7",
	"Note": "Note 7",
	"NoteLanguage": "NoteLanguage 7",
	"CurrencyCode": "CurrencyCode 7",
	"GrossAmount": 8305.85,
	"NetAmount": 9965.17,
	"TaxAmount": 3996.83,
	"DeliveryDate": "/Date(954916347000)/",
	"Quantity": 1853.9,
	"QuantityUnit": "QuantityUnit 7",
	"__metadata": {
		"uri": "SalesOrderLineItemSet(SalesOrderID='SalesOrderID%207',ItemPosition='ItemPosition%207')",
		"type": "/IWBEP/GWSAMPLE_BASIC.SalesOrderLineItem"
	},
	"ToHeader": {
		"__deferred": {
			"uri": "SalesOrderLineItemSet(SalesOrderID='SalesOrderID%207',ItemPosition='ItemPosition%207')/ToHeader"
		}
	},
	"ToProduct": {
		"__deferred": {
			"uri": "SalesOrderLineItemSet(SalesOrderID='SalesOrderID%207',ItemPosition='ItemPosition%207')/ToProduct"
		}
	}
}, {
	"SalesOrderID": "SalesOrderID 8",
	"ItemPosition": "ItemPosition 8",
	"ProductID": "ProductID 8",
	"Note": "Note 8",
	"NoteLanguage": "NoteLanguage 8",
	"CurrencyCode": "CurrencyCode 8",
	"GrossAmount": 3400.84,
	"NetAmount": 2564.48,
	"TaxAmount": 16.55,
	"DeliveryDate": "/Date(1521955947000)/",
	"Quantity": 9581.76,
	"QuantityUnit": "QuantityUnit 8",
	"__metadata": {
		"uri": "SalesOrderLineItemSet(SalesOrderID='SalesOrderID%208',ItemPosition='ItemPosition%208')",
		"type": "/IWBEP/GWSAMPLE_BASIC.SalesOrderLineItem"
	},
	"ToHeader": {
		"__deferred": {
			"uri": "SalesOrderLineItemSet(SalesOrderID='SalesOrderID%208',ItemPosition='ItemPosition%208')/ToHeader"
		}
	},
	"ToProduct": {
		"__deferred": {
			"uri": "SalesOrderLineItemSet(SalesOrderID='SalesOrderID%208',ItemPosition='ItemPosition%208')/ToProduct"
		}
	}
}, {
	"SalesOrderID": "SalesOrderID 9",
	"ItemPosition": "ItemPosition 9",
	"ProductID": "ProductID 9",
	"Note": "Note 9",
	"NoteLanguage": "NoteLanguage 9",
	"CurrencyCode": "CurrencyCode 9",
	"GrossAmount": 5802.68,
	"NetAmount": 2386.84,
	"TaxAmount": 916.71,
	"DeliveryDate": "/Date(1441866747000)/",
	"Quantity": 562.24,
	"QuantityUnit": "QuantityUnit 9",
	"__metadata": {
		"uri": "SalesOrderLineItemSet(SalesOrderID='SalesOrderID%209',ItemPosition='ItemPosition%209')",
		"type": "/IWBEP/GWSAMPLE_BASIC.SalesOrderLineItem"
	},
	"ToHeader": {
		"__deferred": {
			"uri": "SalesOrderLineItemSet(SalesOrderID='SalesOrderID%209',ItemPosition='ItemPosition%209')/ToHeader"
		}
	},
	"ToProduct": {
		"__deferred": {
			"uri": "SalesOrderLineItemSet(SalesOrderID='SalesOrderID%209',ItemPosition='ItemPosition%209')/ToProduct"
		}
	}
}, {
	"SalesOrderID": "SalesOrderID 10",
	"ItemPosition": "ItemPosition 10",
	"ProductID": "ProductID 10",
	"Note": "Note 10",
	"NoteLanguage": "NoteLanguage 10",
	"CurrencyCode": "CurrencyCode 10",
	"GrossAmount": 9069.19,
	"NetAmount": 4123.02,
	"TaxAmount": 7251.47,
	"DeliveryDate": "/Date(1513834347000)/",
	"Quantity": 4354.97,
	"QuantityUnit": "QuantityUnit 10",
	"__metadata": {
		"uri": "SalesOrderLineItemSet(SalesOrderID='SalesOrderID%2010',ItemPosition='ItemPosition%2010')",
		"type": "/IWBEP/GWSAMPLE_BASIC.SalesOrderLineItem"
	},
	"ToHeader": {
		"__deferred": {
			"uri": "SalesOrderLineItemSet(SalesOrderID='SalesOrderID%2010',ItemPosition='ItemPosition%2010')/ToHeader"
		}
	},
	"ToProduct": {
		"__deferred": {
			"uri": "SalesOrderLineItemSet(SalesOrderID='SalesOrderID%2010',ItemPosition='ItemPosition%2010')/ToProduct"
		}
	}
}]