{
	"welcomeFile": "/index.html",
	"routes": [{
		"path": "/resources",
		"target": {
			"type": "service",
			"name": "sapui5",
			"entryPath": "/resources"
		},
		"description": "SAPUI5 Resources"
	}, {
		"path": "/services/userapi",
		"target": {
			"type": "service",
			"name": "userapi"
		},
		"description": "User API"
	}, {
		"path": "/destinations/milkCooling",
		"target": {
			"type": "destination",
			"name": "milkCooling"
		},
		"description": "Milk Cooling OData"
	}, {
		"path": "lion",
		"target": {
			"type": "application",
			"name": "lion"
		},
		"description": "Route for custom theme"
	}],
	"sendWelcomeFileRedirect": true,
	"cacheControl": [{
		"directive": "private",
		"maxAge": 0,
		"path": "*html"
	}, {
		"directive": "private",
		"maxAge": 0,
		"path": "sap-ui-cachebuster-info.json"
	}, {
		"directive": "public",
		"maxAge": 31536000
	}]
}