{
    "resources": [
        {
            "name": "index.html"
        },
        {
            "name": "view/farmerSelect.fragment.xml"
        },
        {
            "name": "view/initial.view.xml"
        },
        {
            "name": "view/history.view.xml"
        },
        {
            "name": "view/notFound.view.xml"
        },
        {
            "name": "view/App.view.xml"
        },
        {
            "name": "view/final.view.xml"
        },
        {
            "name": "view/main.view.xml"
        },
        {
            "name": "controller/main.controller.js"
        },
        {
            "name": "controller/history.controller.js"
        },
        {
            "name": "controller/App.controller.js"
        },
        {
            "name": "controller/farmerSelect.fragment.xml"
        },
        {
            "name": "controller/notFound.controller.js"
        },
        {
            "name": "controller/initial.controller.js"
        },
        {
            "name": "controller/final.controller.js"
        },
        {
            "name": "model/models.js"
        },
        {
            "name": "i18n/i18n.properties",
            "raw": "i18n/i18n.properties"
        },
        {
            "name": "manifest.json"
        },
        {
            "name": "css/style.css"
        },
        {
            "name": "images/logo.bmp"
        },
        {
            "name": "images/icon.png"
        },
        {
            "name": "localService/metadata.xml"
        },
        {
            "name": "Component.js"
        },
        {
            "name": "preview_hidden.html"
        },
        {
            "name": "Component-preload.js",
            "merged": true
        },
        {
            "name": "neo-app.json"
        }
    ]
}