{
  "authenticationMethod": "none",
  "welcomeFile": "/webapp/index.html",
  "routes": [
    {
      "path": "/resources",
      "target": {
        "type": "service",
        "name": "sapui5",
        "entryPath": "/resources"
      },
      "description": "SAPUI5 Resources"
    },
    {
      "path": "/test-resources",
      "target": {
        "type": "service",
        "name": "sapui5",
        "entryPath": "/test-resources"
      },
      "description": "SAPUI5 Test Resources"
    },
    {
      "path": "/destinations/WebMethods",
      "target": {
        "type": "destination",
        "name": "WebMethods"
      }
    },
    {
      "path": "/services/userapi",
      "target": {
        "type": "service",
        "name": "userapi"
      },
      "description": "User API"
    },
    {
      "path": "/test-resources",
      "target": {
        "type": "service",
        "name": "sapui5",
        "entryPath": "/test-resources"
      },
      "description": "SAPUI5 Test Resources"
    },
    {
      "path": "lion",
      "target": {
        "type": "application",
        "name": "lion"
      },
      "description": "Route for custom theme"
    }
  ],
  "sendWelcomeFileRedirect": true
}