{
  "projectType": [
    "sap.watt.uitools.ide.fiori",
    "com.watt.common.builder.sapui5clientbuild",
    "com.sap.webide.hybrid.cordova"
  ],
  "build": {
    "targetFolder": "dist",
    "sourceFolder": "webapp",
    "buildRequired": true,
    "lastBuildDateTime": "Mon, 05 Dec 2016 04:02:56 GMT"
  },
  "generation": [
    {
      "templateId": "ui5template.basicSAPUI5ApplicationProject",
      "templateVersion": "1.32.0",
      "dateTimeStamp": "Tue, 23 Aug 2016 06:21:02 GMT"
    },
    {
      "templateId": "ui5template.basicSAPUI5ApplicationComponent",
      "templateVersion": "1.4.0",
      "dateTimeStamp": "Sat, 08 Oct 2016 10:45:03 GMT"
    }
  ],
  "translation": {
    "translationDomain": "",
    "supportedLanguages": "en,fr,de",
    "defaultLanguage": "en",
    "defaultI18NPropertyFile": "i18n.properties",
    "resourceModelName": "i18n"
  },
  "basevalidator": {
    "services": {
      "xml": "fioriXmlAnalysis",
      "js": "fioriJsValidator"
    }
  },
  "codeCheckingTriggers": {
    "notifyBeforePush": true,
    "notifyBeforePushLevel": "Error",
    "blockPush": false,
    "blockPushLevel": "Error"
  },
  "hybrid": {
    "hatVersion": "1.18.2",
    "appNamespace": "FEEDBACK"
  },
  "hcpdeploy": {
    "account": "cc2ab945a",
    "name": "feedback",
    "lastVersionWeTriedToDeploy": "1.0.5"
  }
}