{

  "welcomeFile": "/webapp/index.html",
  "routes": [
    {
      "path": "/resources",
      "target": {
        "type": "service",
        "name": "sapui5",
        "entryPath": "/resources"
      },
      "description": "SAPUI5 Resources"
    },
    {
      "path": "/test-resources",
      "target": {
        "type": "service",
        "name": "sapui5",
        "entryPath": "/test-resources"
      },
      "description": "SAPUI5 Test Resources"
    },
       {
      "path": "/destinations/WebMethods",
      "target": {
        "type": "destination",
        "name": "WebMethods"
      }
    },
        {
      "path": "/destinations/SAP",
      "target": {
        "type": "destination",
        "name": "SAP"
      },
      "description": "SAP OData"
    },
	{  
        "path": "/services/userapi",  
        "target": {  
            "type": "service",  
            "name": "userapi"  
        },  
      "description": "User API"
    }, 
      {
           "path": "/themedesignerPath", 
           "target": {
               "type": "application",
               "name": "themedesigner"
      },
           "description": "Route for UI theme designer"
     },    
    {
      "path": "lion",
      "target": {
        "type": "application",
        "name": "lion"
      },
      "description": "Route for custom theme"
    }
  ],
  "sendWelcomeFileRedirect": true,
  "cacheControl": [
    {
      "directive": "private",
      "maxAge": 0,
      "path": "**.html"
    },
    {
      "directive": "private",
      "maxAge": 0,
      "path": "sap-ui-cachebuster-info.json"
    },
    {
      "directive": "public",
      "maxAge": 31536000
    }
  ]
}