{
    "resources": [
        {
            "name": "index.html"
        },
        {
            "name": "Component.js"
        },
        {
            "name": "images/logo.bmp"
        },
        {
            "name": "images/camera.png"
        },
        {
            "name": "images/Near_Miss.jpg"
        },
        {
            "name": "view/main.view.xml"
        },
        {
            "name": "view/locationSelect.fragment.xml"
        },
        {
            "name": "i18n/i18n.properties",
            "raw": "i18n/i18n.properties"
        },
        {
            "name": "controller/main.controller.js"
        },
        {
            "name": "preview_hidden.html"
        },
        {
            "name": "css/style.css"
        },
        {
            "name": "manifest.json"
        },
        {
            "name": "model/models.js"
        },
        {
            "name": "Component-preload.js",
            "merged": true
        },
        {
            "name": "neo-app.json"
        }
    ]
}