{
    "resources": [
        {
            "name": "images/xxxx.png"
        },
        {
            "name": "images/btbt.png"
        },
        {
            "name": "images/lion.png"
        },
        {
            "name": "images/lionway.png"
        },
        {
            "name": "images/we.png"
        },
        {
            "name": "images/wr.png"
        },
        {
            "name": "images/js.png"
        },
        {
            "name": "images/nextpage.jpg"
        },
        {
            "name": "images/review.png"
        },
        {
            "name": "images/lc.png"
        },
        {
            "name": "images/endcall.png"
        },
        {
            "name": "images/logo.jpg"
        },
        {
            "name": "images/hopthief.jpg"
        },
        {
            "name": "images/xxxxsummer.jpg"
        },
        {
            "name": "images/Manager.jpg"
        },
        {
            "name": "images/roam.png"
        },
        {
            "name": "images/arrowright.png"
        },
        {
            "name": "images/download.png"
        },
        {
            "name": "images/hahn.png"
        },
        {
            "name": "images/notes.jpeg"
        },
        {
            "name": "images/tap.png"
        },
        {
            "name": "images/spanner.png"
        },
        {
            "name": "images/kosciuszko.png"
        },
        {
            "name": "images/pricecheck.png"
        },
        {
            "name": "images/jb.png"
        },
        {
            "name": "images/emu.png"
        },
        {
            "name": "images/Owner.jpg"
        },
        {
            "name": "images/swan.png"
        },
        {
            "name": "images/guinness.jpg"
        },
        {
            "name": "images/kirin.png"
        },
        {
            "name": "images/kirincider.png"
        },
        {
            "name": "images/SSCall.png"
        },
        {
            "name": "images/ted.png"
        },
        {
            "name": "images/xxxxsummer.png"
        },
        {
            "name": "images/next.png"
        },
        {
            "name": "images/LiquorManager.jpg"
        },
        {
            "name": "images/nopdf.jpeg"
        },
        {
            "name": "images/yammer.png"
        },
        {
            "name": "images/madetoorder.jpg"
        },
        {
            "name": "images/marketintel.png"
        },
        {
            "name": "images/guiness.png"
        },
        {
            "name": "images/jscider.png"
        },
        {
            "name": "images/Licensee.jpg"
        },
        {
            "name": "images/tooheys.png"
        },
        {
            "name": "images/start.jpg"
        },
        {
            "name": "images/heineken.png"
        },
        {
            "name": "images/arrowleft.png"
        },
        {
            "name": "images/reptoolkit.jpg"
        },
        {
            "name": "images/xxxx.jpg"
        },
        {
            "name": "images/finish.png"
        },
        {
            "name": "images/theesky.jpg"
        },
        {
            "name": "view/SummaryItem.fragment.xml"
        },
        {
            "name": "view/contactDetails.fragment.xml"
        },
        {
            "name": "view/login.fragment.xml"
        },
        {
            "name": "view/TapReview.view.xml"
        },
        {
            "name": "view/Do.view.xml"
        },
        {
            "name": "view/reallocateCall.fragment.xml"
        },
        {
            "name": "view/TapReviewDetails.view.xml"
        },
        {
            "name": "view/contactHelp.fragment.xml"
        },
        {
            "name": "view/selfReflection.fragment.xml"
        },
        {
            "name": "view/addCall.fragment.xml"
        },
        {
            "name": "view/TapHelp.fragment.xml"
        },
        {
            "name": "view/Finish.view.xml"
        },
        {
            "name": "view/SalesDriveSellinStatus.fragment.xml"
        },
        {
            "name": "view/RetailReview.view.xml"
        },
        {
            "name": "view/SummaryTable.fragment.xml"
        },
        {
            "name": "view/SummaryCalculator.fragment.xml"
        },
        {
            "name": "view/plan.view.xml"
        },
        {
            "name": "view/sell.view.xml"
        },
        {
            "name": "view/SalesDriveActivateStatus.fragment.xml"
        },
        {
            "name": "view/agendaItemAdd.fragment.xml"
        },
        {
            "name": "view/DailyDeals.fragment.xml"
        },
        {
            "name": "view/PriceReview.view.xml"
        },
        {
            "name": "view/DealSummary.view.xml"
        },
        {
            "name": "view/opcNotes.fragment.xml"
        },
        {
            "name": "view/main.view.xml"
        },
        {
            "name": "view/employeeHelp.fragment.xml"
        },
        {
            "name": "view/agendaDetails.fragment.xml"
        },
        {
            "name": "view/listAttachments.fragment.xml"
        },
        {
            "name": "view/App.view.xml"
        },
        {
            "name": "view/accountHelp.fragment.xml"
        },
        {
            "name": "view/addTap.fragment.xml"
        },
        {
            "name": "view/emailReports.fragment.xml"
        },
        {
            "name": "view/MarketIntel.view.xml"
        },
        {
            "name": "jsPunch/punch.js"
        },
        {
            "name": "misc/BCWAURepToolkit.ppt"
        },
        {
            "name": "misc/BCWAURepToolkit.ppsx"
        },
        {
            "name": "Component.js"
        },
        {
            "name": "download/download.js"
        },
        {
            "name": "pdf/StructuredSalesCall.pdf"
        },
        {
            "name": "pdf/BCWAURepToolkit.pdf"
        },
        {
            "name": "extended_runnable_file.html"
        },
        {
            "name": "manifest.json"
        },
        {
            "name": "controller/Finish.controller.js"
        },
        {
            "name": "controller/sell.controller.js"
        },
        {
            "name": "controller/PriceReview.controller.js"
        },
        {
            "name": "controller/MarketIntel.controller.js"
        },
        {
            "name": "controller/plan.controller.js"
        },
        {
            "name": "controller/TapReview.controller.js"
        },
        {
            "name": "controller/RetailReview.controller.js"
        },
        {
            "name": "controller/Do.controller.js"
        },
        {
            "name": "controller/DealSummary.controller.js"
        },
        {
            "name": "controller/App.controller.js"
        },
        {
            "name": "controller/TapReviewDetails.controller.js"
        },
        {
            "name": "controller/main.controller.js"
        },
        {
            "name": "css/style.css"
        },
        {
            "name": "i18n/i18n.properties",
            "raw": "i18n/i18n.properties"
        },
        {
            "name": "graphs/justgage.js"
        },
        {
            "name": "graphs/raphael-2.1.4.min.js"
        },
        {
            "name": "model/models.js"
        },
        {
            "name": "control/graph.js"
        },
        {
            "name": "control/breadCrumb.js"
        },
        {
            "name": "control/list.js"
        },
        {
            "name": "control/jquery.dotdotdot.js"
        },
        {
            "name": "control/box.js"
        },
        {
            "name": "index.html"
        },
        {
            "name": "Component-preload.js",
            "merged": true
        },
        {
            "name": "neo-app.json"
        }
    ]
}