{
    "resources": [
        {
            "name": "images/apple-touch-icon.png"
        },
        {
            "name": "model/models.js"
        },
        {
            "name": "index.html"
        },
        {
            "name": "view/View1.view.xml"
        },
        {
            "name": "view/View2.view.xml"
        },
        {
            "name": "view/View6.view.xml"
        },
        {
            "name": "view/App.view.xml"
        },
        {
            "name": "view/View4.view.xml"
        },
        {
            "name": "view/Product.fragment.xml"
        },
        {
            "name": "view/View5.view.xml"
        },
        {
            "name": "view/View3.view.xml"
        },
        {
            "name": "manifest.json"
        },
        {
            "name": "i18n/i18n.properties",
            "raw": "i18n/i18n.properties"
        },
        {
            "name": "extended_runnable_file.html"
        },
        {
            "name": "css/style.css"
        },
        {
            "name": "Component.js"
        },
        {
            "name": "controller/View3.controller.js"
        },
        {
            "name": "controller/View1.controller.js"
        },
        {
            "name": "controller/App.controller.js"
        },
        {
            "name": "controller/View6.controller.js"
        },
        {
            "name": "controller/View4.controller.js"
        },
        {
            "name": "controller/View5.controller.js"
        },
        {
            "name": "controller/View2.controller.js"
        },
        {
            "name": "Component-preload.js",
            "merged": true
        },
        {
            "name": "neo-app.json"
        }
    ]
}