{
	"welcomeFile": "index.html",
	"routes": [{
		"path": "/resources",
		"target": {
			"type": "service",
			"name": "sapui5",
			"entryPath": "/resources"
		},
		"description": "SAPUI5 Resources"
	}, {
		"path": "/destinations/WebMethods",
		"target": {
			"type": "destination",
			"name": "WebMethods"
		}
	}, {
		"path": "/services/userapi",
		"target": {
			"type": "service",
			"name": "userapi"
		},
		"description": "User API"
	}, {
		"path": "lion",
		"target": {
			"type": "application",
			"name": "lion"
		},
		"description": "Route for custom theme"
	}, {
		"path": "/test-resources",
		"target": {
			"type": "service",
			"name": "sapui5",
			"entryPath": "/test-resources"
		},
		"description": "SAPUI5 Test Resources"
	}, {
		"path": "/themedesignerPath",
		"target": {
			"type": "application",
			"name": "themedesigner"
		},
		"description": "Route for UI theme designer"
	}],
	"cacheControl": [{
		"directive": "private",
		"maxAge": 0,
		"path": "**.html"
	}, {
		"directive": "private",
		"maxAge": 0,
		"path": "sap-ui-cachebuster-info.json"
	}, {
		"directive": "public",
		"maxAge": 31536000
	}]
}