{
    "resources": [
        {
            "name": "preview_hidden.html"
        },
        {
            "name": "manifest.json"
        },
        {
            "name": "controller/do.controller.js"
        },
        {
            "name": "controller/plan.controller.js"
        },
        {
            "name": "controller/sell.controller.js"
        },
        {
            "name": "controller/App.controller.js"
        },
        {
            "name": "controller/main.controller.js"
        },
        {
            "name": "controller/finish.controller.js"
        },
        {
            "name": "view/sell.view.xml"
        },
        {
            "name": "view/plan.view.xml"
        },
        {
            "name": "view/main.view.xml"
        },
        {
            "name": "view/do.view.xml"
        },
        {
            "name": "view/finish.view.xml"
        },
        {
            "name": "view/App.view.xml"
        },
        {
            "name": "model/models.js"
        },
        {
            "name": "index.html"
        },
        {
            "name": "images/marketintel.png"
        },
        {
            "name": "images/pricecheck.png"
        },
        {
            "name": "images/tap.png"
        },
        {
            "name": "images/review.png"
        },
        {
            "name": "images/next.png"
        },
        {
            "name": "i18n/i18n.properties",
            "raw": "i18n/i18n.properties"
        },
        {
            "name": "Component.js"
        },
        {
            "name": "css/style.css"
        },
        {
            "name": "Component-preload.js",
            "merged": true
        },
        {
            "name": "neo-app.json"
        }
    ]
}