<?xml version="1.0"?>
<DropShipQueryResult>
	<Domain>LNNZ</Domain>
	<SSID>HCP</SSID>
	<MessageStatus>FAIL</MessageStatus>
	<ErrorDetails>
		<Type>2</Type>
		<Code>2000</Code>
		<Description>No Records Found</Description>
		<Area>InputFile</Area>
		<Source>Header</Source>
		<User>mfgdba</User>
	</ErrorDetails>
	<DropShipOrder>
		<OrderHeader>
			<RecType>HDR</RecType>
			<DocNbr>AE123456</DocNbr>
			<InvNbr></InvNbr>
			<NoOfLines>1</NoOfLines>
			<Date>240317</Date>
			<Time>1256</Time>
			<SiteNbr>DS01</SiteNbr>
			<Status>New</Status>
			<ConsignmentID></ConsignmentID>
			<TrackingNumbers></TrackingNumbers>
			<ShipToCode>063516</ShipToCode>
			<ShipToName>Lone Star Manukau</ShipToName>
			<ShipToAddress>
				<AddrLine1>792 Great South Road</AddrLine1>
				<AddrLine2></AddrLine2>
				<AddrLine3>Wiri</AddrLine3>
				<State></State>
				<City>AUCKLAND</City>
				<PostCode>2104</PostCode>
				<Country>NEW ZEALAND</Country>
			</ShipToAddress>
			<DeliveryDate>310317</DeliveryDate>
		</OrderHeader>
		<OrderLine>
			<RecType>DTL</RecType>
			<DocNbr>AE123456</DocNbr>
			<LineNbr>1</LineNbr>
			<ProdCode>9032.15</ProdCode>
			<ProdDesc>DS Invivo Sparkling SauvB 2015 750mL 6 Bottle</ProdDesc>
			<SuppProdCode></SuppProdCode>
			<OpenQty>2</OpenQty>
			<UOM>BT</UOM>
		</OrderLine>
	</DropShipOrder>
		<DropShipOrder>
		<OrderHeader>
			<RecType>HDRx</RecType>
			<DocNbr>AE123456x</DocNbr>
			<InvNbr></InvNbr>
			<NoOfLines>1</NoOfLines>
			<Date>240317</Date>
			<Time>1256</Time>
			<SiteNbr>DS01x</SiteNbr>
			<Status>New</Status>
			<ConsignmentID></ConsignmentID>
			<TrackingNumbers></TrackingNumbers>
			<ShipToCode>063516</ShipToCode>
			<ShipToName>Lone Star Manukaux</ShipToName>
			<ShipToAddress>
				<AddrLine1>792 Great South Roadx</AddrLine1>
				<AddrLine2></AddrLine2>
				<AddrLine3>Wirix</AddrLine3>
				<State></State>
				<City>AUCKLANDx</City>
				<PostCode>2104</PostCode>
				<Country>NEW ZEALAND</Country>
			</ShipToAddress>
			<DeliveryDate>310317</DeliveryDate>
		</OrderHeader>
		<OrderLine>
			<RecType>DTLx</RecType>
			<DocNbr>AE123456</DocNbr>
			<LineNbr>1</LineNbr>
			<ProdCode>9032.15</ProdCode>
			<ProdDesc>DS Invivo Sparkling SauvB 2015 750mL 6 Bottlxe</ProdDesc>
			<SuppProdCode></SuppProdCode>
			<OpenQty>2</OpenQty>
			<UOM>BTx</UOM>
		</OrderLine>
	</DropShipOrder>
</DropShipQueryResult>