{
    "resources": [
        {
            "name": "view/View1.view.xml"
        },
        {
            "name": "controller/View1.controller.js"
        },
        {
            "name": "i18n/i18n.properties",
            "raw": "i18n/i18n.properties"
        },
        {
            "name": "model/models.js"
        },
        {
            "name": "Component.js"
        },
        {
            "name": "css/style.css"
        },
        {
            "name": "manifest.json"
        },
        {
            "name": "index.html"
        },
        {
            "name": "preview_hidden.html"
        },
        {
            "name": "lion/Base/baseLib/lion/base.less"
        },
        {
            "name": "lion/Base/baseLib/lion/custom.less"
        },
        {
            "name": "lion/Base/baseLib/lion/preview.less"
        },
        {
            "name": "lion/Base/baseLib/lion/.theming"
        },
        {
            "name": "lion/Base/baseLib/lion/img/misc/sapCompanyLogo.gif"
        },
        {
            "name": "lion/Base/baseLib/lion/preview.css"
        },
        {
            "name": "lion/Base/baseLib/lion/fonts/supernett_cn.eot"
        },
        {
            "name": "lion/Base/baseLib/lion/fonts/supernett_cn.svg"
        },
        {
            "name": "lion/Base/baseLib/lion/fonts/supernett_cn.ttf"
        },
        {
            "name": "lion/Base/baseLib/lion/fonts/supernett_cn.woff"
        },
        {
            "name": "lion/UI5/sap/ui/core/themes/lion/library.less"
        },
        {
            "name": "lion/UI5/sap/ui/core/themes/lion/global.less"
        },
        {
            "name": "lion/UI5/sap/ui/core/themes/lion/custom.less"
        },
        {
            "name": "lion/UI5/sap/ui/core/themes/lion/.theming"
        },
        {
            "name": "lion/UI5/sap/ui/core/themes/lion/library.css"
        },
        {
            "name": "lion/UI5/sap/ui/core/themes/lion/library-parameters.json"
        },
        {
            "name": "lion/UI5/sap/ui/core/themes/lion/custom.css"
        },
        {
            "name": "lion/UI5/sap/ui/core/themes/lion/fonts/supernett_cn.eot"
        },
        {
            "name": "lion/UI5/sap/ui/core/themes/lion/fonts/supernett_cn.svg"
        },
        {
            "name": "lion/UI5/sap/ui/core/themes/lion/fonts/supernett_cn.ttf"
        },
        {
            "name": "lion/UI5/sap/ui/core/themes/lion/fonts/supernett_cn.woff"
        },
        {
            "name": "lion/UI5/sap/ui/layout/themes/lion/library.less"
        },
        {
            "name": "lion/UI5/sap/ui/layout/themes/lion/.theming"
        },
        {
            "name": "lion/UI5/sap/ui/layout/themes/lion/library.css"
        },
        {
            "name": "lion/UI5/sap/ui/layout/themes/lion/library-parameters.json"
        },
        {
            "name": "lion/UI5/sap/ui/comp/themes/lion/library.less"
        },
        {
            "name": "lion/UI5/sap/ui/comp/themes/lion/.theming"
        },
        {
            "name": "lion/UI5/sap/ui/comp/themes/lion/library.css"
        },
        {
            "name": "lion/UI5/sap/ui/comp/themes/lion/library-parameters.json"
        },
        {
            "name": "lion/UI5/sap/ui/unified/themes/lion/library.less"
        },
        {
            "name": "lion/UI5/sap/ui/unified/themes/lion/.theming"
        },
        {
            "name": "lion/UI5/sap/ui/unified/themes/lion/library.css"
        },
        {
            "name": "lion/UI5/sap/ui/unified/themes/lion/library-parameters.json"
        },
        {
            "name": "lion/UI5/sap/ui/commons/themes/lion/library.less"
        },
        {
            "name": "lion/UI5/sap/ui/commons/themes/lion/.theming"
        },
        {
            "name": "lion/UI5/sap/ui/commons/themes/lion/library.css"
        },
        {
            "name": "lion/UI5/sap/ui/commons/themes/lion/library-parameters.json"
        },
        {
            "name": "lion/UI5/sap/ui/dt/themes/lion/library.less"
        },
        {
            "name": "lion/UI5/sap/ui/dt/themes/lion/.theming"
        },
        {
            "name": "lion/UI5/sap/ui/dt/themes/lion/library.css"
        },
        {
            "name": "lion/UI5/sap/ui/dt/themes/lion/library-parameters.json"
        },
        {
            "name": "lion/UI5/sap/ui/generic/template/themes/lion/library.less"
        },
        {
            "name": "lion/UI5/sap/ui/generic/template/themes/lion/.theming"
        },
        {
            "name": "lion/UI5/sap/ui/generic/template/themes/lion/library.css"
        },
        {
            "name": "lion/UI5/sap/ui/generic/template/themes/lion/library-parameters.json"
        },
        {
            "name": "lion/UI5/sap/ui/richtexteditor/themes/lion/library.less"
        },
        {
            "name": "lion/UI5/sap/ui/richtexteditor/themes/lion/.theming"
        },
        {
            "name": "lion/UI5/sap/ui/richtexteditor/themes/lion/library.css"
        },
        {
            "name": "lion/UI5/sap/ui/richtexteditor/themes/lion/library-parameters.json"
        },
        {
            "name": "lion/UI5/sap/ui/rta/themes/lion/library.less"
        },
        {
            "name": "lion/UI5/sap/ui/rta/themes/lion/.theming"
        },
        {
            "name": "lion/UI5/sap/ui/rta/themes/lion/library.css"
        },
        {
            "name": "lion/UI5/sap/ui/rta/themes/lion/library-parameters.json"
        },
        {
            "name": "lion/UI5/sap/ui/suite/themes/lion/library.less"
        },
        {
            "name": "lion/UI5/sap/ui/suite/themes/lion/.theming"
        },
        {
            "name": "lion/UI5/sap/ui/suite/themes/lion/library.css"
        },
        {
            "name": "lion/UI5/sap/ui/suite/themes/lion/library-parameters.json"
        },
        {
            "name": "lion/UI5/sap/ui/table/themes/lion/library.less"
        },
        {
            "name": "lion/UI5/sap/ui/table/themes/lion/.theming"
        },
        {
            "name": "lion/UI5/sap/ui/table/themes/lion/library.css"
        },
        {
            "name": "lion/UI5/sap/ui/table/themes/lion/library-parameters.json"
        },
        {
            "name": "lion/UI5/sap/ui/ux3/themes/lion/library.less"
        },
        {
            "name": "lion/UI5/sap/ui/ux3/themes/lion/.theming"
        },
        {
            "name": "lion/UI5/sap/ui/ux3/themes/lion/library.css"
        },
        {
            "name": "lion/UI5/sap/ui/ux3/themes/lion/library-parameters.json"
        },
        {
            "name": "lion/UI5/sap/ui/vbm/themes/lion/library.less"
        },
        {
            "name": "lion/UI5/sap/ui/vbm/themes/lion/.theming"
        },
        {
            "name": "lion/UI5/sap/ui/vbm/themes/lion/library.css"
        },
        {
            "name": "lion/UI5/sap/ui/vbm/themes/lion/library-parameters.json"
        },
        {
            "name": "lion/UI5/sap/ui/vk/themes/lion/library.less"
        },
        {
            "name": "lion/UI5/sap/ui/vk/themes/lion/.theming"
        },
        {
            "name": "lion/UI5/sap/ui/vk/themes/lion/library.css"
        },
        {
            "name": "lion/UI5/sap/ui/vk/themes/lion/library-parameters.json"
        },
        {
            "name": "lion/UI5/sap/m/themes/lion/library.less"
        },
        {
            "name": "lion/UI5/sap/m/themes/lion/.theming"
        },
        {
            "name": "lion/UI5/sap/m/themes/lion/library.css"
        },
        {
            "name": "lion/UI5/sap/m/themes/lion/library_ie9_1.css"
        },
        {
            "name": "lion/UI5/sap/m/themes/lion/library-parameters.json"
        },
        {
            "name": "lion/UI5/sap/ca/ui/themes/lion/library.less"
        },
        {
            "name": "lion/UI5/sap/ca/ui/themes/lion/.theming"
        },
        {
            "name": "lion/UI5/sap/ca/ui/themes/lion/library.css"
        },
        {
            "name": "lion/UI5/sap/ca/ui/themes/lion/library-parameters.json"
        },
        {
            "name": "lion/UI5/sap/collaboration/themes/lion/library.less"
        },
        {
            "name": "lion/UI5/sap/collaboration/themes/lion/.theming"
        },
        {
            "name": "lion/UI5/sap/collaboration/themes/lion/library.css"
        },
        {
            "name": "lion/UI5/sap/collaboration/themes/lion/library-parameters.json"
        },
        {
            "name": "lion/UI5/sap/fiori/themes/lion/library.less"
        },
        {
            "name": "lion/UI5/sap/fiori/themes/lion/.theming"
        },
        {
            "name": "lion/UI5/sap/fiori/themes/lion/library.css"
        },
        {
            "name": "lion/UI5/sap/fiori/themes/lion/library-parameters.json"
        },
        {
            "name": "lion/UI5/sap/me/themes/lion/library.less"
        },
        {
            "name": "lion/UI5/sap/me/themes/lion/.theming"
        },
        {
            "name": "lion/UI5/sap/me/themes/lion/library.css"
        },
        {
            "name": "lion/UI5/sap/me/themes/lion/library-parameters.json"
        },
        {
            "name": "lion/UI5/sap/ushell/themes/lion/library.less"
        },
        {
            "name": "lion/UI5/sap/ushell/themes/lion/.theming"
        },
        {
            "name": "lion/UI5/sap/ushell/themes/lion/library.css"
        },
        {
            "name": "lion/UI5/sap/ushell/themes/lion/library-parameters.json"
        },
        {
            "name": "lion/UI5/sap/gantt/themes/lion/library.less"
        },
        {
            "name": "lion/UI5/sap/gantt/themes/lion/.theming"
        },
        {
            "name": "lion/UI5/sap/gantt/themes/lion/library.css"
        },
        {
            "name": "lion/UI5/sap/gantt/themes/lion/library-parameters.json"
        },
        {
            "name": "lion/UI5/sap/landvisz/themes/lion/library.less"
        },
        {
            "name": "lion/UI5/sap/landvisz/themes/lion/.theming"
        },
        {
            "name": "lion/UI5/sap/landvisz/themes/lion/library.css"
        },
        {
            "name": "lion/UI5/sap/landvisz/themes/lion/library-parameters.json"
        },
        {
            "name": "lion/UI5/sap/makit/themes/lion/library.less"
        },
        {
            "name": "lion/UI5/sap/makit/themes/lion/.theming"
        },
        {
            "name": "lion/UI5/sap/makit/themes/lion/library.css"
        },
        {
            "name": "lion/UI5/sap/makit/themes/lion/library-parameters.json"
        },
        {
            "name": "lion/UI5/sap/ovp/themes/lion/library.less"
        },
        {
            "name": "lion/UI5/sap/ovp/themes/lion/.theming"
        },
        {
            "name": "lion/UI5/sap/ovp/themes/lion/library.css"
        },
        {
            "name": "lion/UI5/sap/ovp/themes/lion/library-parameters.json"
        },
        {
            "name": "lion/UI5/sap/suite/ui/commons/themes/lion/library.less"
        },
        {
            "name": "lion/UI5/sap/suite/ui/commons/themes/lion/.theming"
        },
        {
            "name": "lion/UI5/sap/suite/ui/commons/themes/lion/library.css"
        },
        {
            "name": "lion/UI5/sap/suite/ui/commons/themes/lion/library-parameters.json"
        },
        {
            "name": "lion/UI5/sap/suite/ui/generic/template/themes/lion/library.less"
        },
        {
            "name": "lion/UI5/sap/suite/ui/generic/template/themes/lion/.theming"
        },
        {
            "name": "lion/UI5/sap/suite/ui/generic/template/themes/lion/library.css"
        },
        {
            "name": "lion/UI5/sap/suite/ui/generic/template/themes/lion/library-parameters.json"
        },
        {
            "name": "lion/UI5/sap/suite/ui/microchart/themes/lion/library.less"
        },
        {
            "name": "lion/UI5/sap/suite/ui/microchart/themes/lion/.theming"
        },
        {
            "name": "lion/UI5/sap/suite/ui/microchart/themes/lion/library.css"
        },
        {
            "name": "lion/UI5/sap/suite/ui/microchart/themes/lion/library-parameters.json"
        },
        {
            "name": "lion/UI5/sap/tnt/themes/lion/library.less"
        },
        {
            "name": "lion/UI5/sap/tnt/themes/lion/.theming"
        },
        {
            "name": "lion/UI5/sap/tnt/themes/lion/library.css"
        },
        {
            "name": "lion/UI5/sap/tnt/themes/lion/library-parameters.json"
        },
        {
            "name": "lion/UI5/sap/uiext/inbox/themes/lion/library.less"
        },
        {
            "name": "lion/UI5/sap/uiext/inbox/themes/lion/.theming"
        },
        {
            "name": "lion/UI5/sap/uiext/inbox/themes/lion/library.css"
        },
        {
            "name": "lion/UI5/sap/uiext/inbox/themes/lion/library-parameters.json"
        },
        {
            "name": "lion/UI5/sap/uxap/themes/lion/library.less"
        },
        {
            "name": "lion/UI5/sap/uxap/themes/lion/.theming"
        },
        {
            "name": "lion/UI5/sap/uxap/themes/lion/library.css"
        },
        {
            "name": "lion/UI5/sap/uxap/themes/lion/library-parameters.json"
        },
        {
            "name": "lion/UR/baseLib/lion/base.less"
        },
        {
            "name": "lion/UR/baseLib/lion/standards.less"
        },
        {
            "name": "lion/UR/baseLib/lion/.theming"
        },
        {
            "name": "lion/UR/ls/lion/base.less"
        },
        {
            "name": "lion/UR/ls/lion/standards.less"
        },
        {
            "name": "lion/UR/ls/lion/custom.less"
        },
        {
            "name": "lion/UR/ls/lion/.theming"
        },
        {
            "name": "lion/UR/ls/lion/standards.css"
        },
        {
            "name": "lion/UR/ls/lion/standards-ie_split_1.css"
        },
        {
            "name": "lion/exportedThemeInfo.json"
        },
        {
            "name": "lion/neo-app.json"
        },
        {
            "name": "lion/.project.json"
        },
        {
            "name": "resources/lion/Base/baseLib/lion/base.less"
        },
        {
            "name": "resources/lion/Base/baseLib/lion/custom.less"
        },
        {
            "name": "resources/lion/Base/baseLib/lion/preview.less"
        },
        {
            "name": "resources/lion/Base/baseLib/lion/.theming"
        },
        {
            "name": "resources/lion/Base/baseLib/lion/img/misc/sapCompanyLogo.gif"
        },
        {
            "name": "resources/lion/Base/baseLib/lion/preview.css"
        },
        {
            "name": "resources/lion/Base/baseLib/lion/fonts/supernett_cn.eot"
        },
        {
            "name": "resources/lion/Base/baseLib/lion/fonts/supernett_cn.svg"
        },
        {
            "name": "resources/lion/Base/baseLib/lion/fonts/supernett_cn.ttf"
        },
        {
            "name": "resources/lion/Base/baseLib/lion/fonts/supernett_cn.woff"
        },
        {
            "name": "resources/lion/UI5/sap/ui/core/themes/lion/library.less"
        },
        {
            "name": "resources/lion/UI5/sap/ui/core/themes/lion/global.less"
        },
        {
            "name": "resources/lion/UI5/sap/ui/core/themes/lion/custom.less"
        },
        {
            "name": "resources/lion/UI5/sap/ui/core/themes/lion/.theming"
        },
        {
            "name": "resources/lion/UI5/sap/ui/core/themes/lion/library.css"
        },
        {
            "name": "resources/lion/UI5/sap/ui/core/themes/lion/library-parameters.json"
        },
        {
            "name": "resources/lion/UI5/sap/ui/core/themes/lion/custom.css"
        },
        {
            "name": "resources/lion/UI5/sap/ui/core/themes/lion/fonts/supernett_cn.eot"
        },
        {
            "name": "resources/lion/UI5/sap/ui/core/themes/lion/fonts/supernett_cn.svg"
        },
        {
            "name": "resources/lion/UI5/sap/ui/core/themes/lion/fonts/supernett_cn.ttf"
        },
        {
            "name": "resources/lion/UI5/sap/ui/core/themes/lion/fonts/supernett_cn.woff"
        },
        {
            "name": "resources/lion/UI5/sap/ui/layout/themes/lion/library.less"
        },
        {
            "name": "resources/lion/UI5/sap/ui/layout/themes/lion/.theming"
        },
        {
            "name": "resources/lion/UI5/sap/ui/layout/themes/lion/library.css"
        },
        {
            "name": "resources/lion/UI5/sap/ui/layout/themes/lion/library-parameters.json"
        },
        {
            "name": "resources/lion/UI5/sap/ui/comp/themes/lion/library.less"
        },
        {
            "name": "resources/lion/UI5/sap/ui/comp/themes/lion/.theming"
        },
        {
            "name": "resources/lion/UI5/sap/ui/comp/themes/lion/library.css"
        },
        {
            "name": "resources/lion/UI5/sap/ui/comp/themes/lion/library-parameters.json"
        },
        {
            "name": "resources/lion/UI5/sap/ui/unified/themes/lion/library.less"
        },
        {
            "name": "resources/lion/UI5/sap/ui/unified/themes/lion/.theming"
        },
        {
            "name": "resources/lion/UI5/sap/ui/unified/themes/lion/library.css"
        },
        {
            "name": "resources/lion/UI5/sap/ui/unified/themes/lion/library-parameters.json"
        },
        {
            "name": "resources/lion/UI5/sap/ui/commons/themes/lion/library.less"
        },
        {
            "name": "resources/lion/UI5/sap/ui/commons/themes/lion/.theming"
        },
        {
            "name": "resources/lion/UI5/sap/ui/commons/themes/lion/library.css"
        },
        {
            "name": "resources/lion/UI5/sap/ui/commons/themes/lion/library-parameters.json"
        },
        {
            "name": "resources/lion/UI5/sap/ui/dt/themes/lion/library.less"
        },
        {
            "name": "resources/lion/UI5/sap/ui/dt/themes/lion/.theming"
        },
        {
            "name": "resources/lion/UI5/sap/ui/dt/themes/lion/library.css"
        },
        {
            "name": "resources/lion/UI5/sap/ui/dt/themes/lion/library-parameters.json"
        },
        {
            "name": "resources/lion/UI5/sap/ui/generic/template/themes/lion/library.less"
        },
        {
            "name": "resources/lion/UI5/sap/ui/generic/template/themes/lion/.theming"
        },
        {
            "name": "resources/lion/UI5/sap/ui/generic/template/themes/lion/library.css"
        },
        {
            "name": "resources/lion/UI5/sap/ui/generic/template/themes/lion/library-parameters.json"
        },
        {
            "name": "resources/lion/UI5/sap/ui/richtexteditor/themes/lion/library.less"
        },
        {
            "name": "resources/lion/UI5/sap/ui/richtexteditor/themes/lion/.theming"
        },
        {
            "name": "resources/lion/UI5/sap/ui/richtexteditor/themes/lion/library.css"
        },
        {
            "name": "resources/lion/UI5/sap/ui/richtexteditor/themes/lion/library-parameters.json"
        },
        {
            "name": "resources/lion/UI5/sap/ui/rta/themes/lion/library.less"
        },
        {
            "name": "resources/lion/UI5/sap/ui/rta/themes/lion/.theming"
        },
        {
            "name": "resources/lion/UI5/sap/ui/rta/themes/lion/library.css"
        },
        {
            "name": "resources/lion/UI5/sap/ui/rta/themes/lion/library-parameters.json"
        },
        {
            "name": "resources/lion/UI5/sap/ui/suite/themes/lion/library.less"
        },
        {
            "name": "resources/lion/UI5/sap/ui/suite/themes/lion/.theming"
        },
        {
            "name": "resources/lion/UI5/sap/ui/suite/themes/lion/library.css"
        },
        {
            "name": "resources/lion/UI5/sap/ui/suite/themes/lion/library-parameters.json"
        },
        {
            "name": "resources/lion/UI5/sap/ui/table/themes/lion/library.less"
        },
        {
            "name": "resources/lion/UI5/sap/ui/table/themes/lion/.theming"
        },
        {
            "name": "resources/lion/UI5/sap/ui/table/themes/lion/library.css"
        },
        {
            "name": "resources/lion/UI5/sap/ui/table/themes/lion/library-parameters.json"
        },
        {
            "name": "resources/lion/UI5/sap/ui/ux3/themes/lion/library.less"
        },
        {
            "name": "resources/lion/UI5/sap/ui/ux3/themes/lion/.theming"
        },
        {
            "name": "resources/lion/UI5/sap/ui/ux3/themes/lion/library.css"
        },
        {
            "name": "resources/lion/UI5/sap/ui/ux3/themes/lion/library-parameters.json"
        },
        {
            "name": "resources/lion/UI5/sap/ui/vbm/themes/lion/library.less"
        },
        {
            "name": "resources/lion/UI5/sap/ui/vbm/themes/lion/.theming"
        },
        {
            "name": "resources/lion/UI5/sap/ui/vbm/themes/lion/library.css"
        },
        {
            "name": "resources/lion/UI5/sap/ui/vbm/themes/lion/library-parameters.json"
        },
        {
            "name": "resources/lion/UI5/sap/ui/vk/themes/lion/library.less"
        },
        {
            "name": "resources/lion/UI5/sap/ui/vk/themes/lion/.theming"
        },
        {
            "name": "resources/lion/UI5/sap/ui/vk/themes/lion/library.css"
        },
        {
            "name": "resources/lion/UI5/sap/ui/vk/themes/lion/library-parameters.json"
        },
        {
            "name": "resources/lion/UI5/sap/m/themes/lion/library.less"
        },
        {
            "name": "resources/lion/UI5/sap/m/themes/lion/.theming"
        },
        {
            "name": "resources/lion/UI5/sap/m/themes/lion/library.css"
        },
        {
            "name": "resources/lion/UI5/sap/m/themes/lion/library_ie9_1.css"
        },
        {
            "name": "resources/lion/UI5/sap/m/themes/lion/library-parameters.json"
        },
        {
            "name": "resources/lion/UI5/sap/ca/ui/themes/lion/library.less"
        },
        {
            "name": "resources/lion/UI5/sap/ca/ui/themes/lion/.theming"
        },
        {
            "name": "resources/lion/UI5/sap/ca/ui/themes/lion/library.css"
        },
        {
            "name": "resources/lion/UI5/sap/ca/ui/themes/lion/library-parameters.json"
        },
        {
            "name": "resources/lion/UI5/sap/collaboration/themes/lion/library.less"
        },
        {
            "name": "resources/lion/UI5/sap/collaboration/themes/lion/.theming"
        },
        {
            "name": "resources/lion/UI5/sap/collaboration/themes/lion/library.css"
        },
        {
            "name": "resources/lion/UI5/sap/collaboration/themes/lion/library-parameters.json"
        },
        {
            "name": "resources/lion/UI5/sap/fiori/themes/lion/library.less"
        },
        {
            "name": "resources/lion/UI5/sap/fiori/themes/lion/.theming"
        },
        {
            "name": "resources/lion/UI5/sap/fiori/themes/lion/library.css"
        },
        {
            "name": "resources/lion/UI5/sap/fiori/themes/lion/library-parameters.json"
        },
        {
            "name": "resources/lion/UI5/sap/me/themes/lion/library.less"
        },
        {
            "name": "resources/lion/UI5/sap/me/themes/lion/.theming"
        },
        {
            "name": "resources/lion/UI5/sap/me/themes/lion/library.css"
        },
        {
            "name": "resources/lion/UI5/sap/me/themes/lion/library-parameters.json"
        },
        {
            "name": "resources/lion/UI5/sap/ushell/themes/lion/library.less"
        },
        {
            "name": "resources/lion/UI5/sap/ushell/themes/lion/.theming"
        },
        {
            "name": "resources/lion/UI5/sap/ushell/themes/lion/library.css"
        },
        {
            "name": "resources/lion/UI5/sap/ushell/themes/lion/library-parameters.json"
        },
        {
            "name": "resources/lion/UI5/sap/gantt/themes/lion/library.less"
        },
        {
            "name": "resources/lion/UI5/sap/gantt/themes/lion/.theming"
        },
        {
            "name": "resources/lion/UI5/sap/gantt/themes/lion/library.css"
        },
        {
            "name": "resources/lion/UI5/sap/gantt/themes/lion/library-parameters.json"
        },
        {
            "name": "resources/lion/UI5/sap/landvisz/themes/lion/library.less"
        },
        {
            "name": "resources/lion/UI5/sap/landvisz/themes/lion/.theming"
        },
        {
            "name": "resources/lion/UI5/sap/landvisz/themes/lion/library.css"
        },
        {
            "name": "resources/lion/UI5/sap/landvisz/themes/lion/library-parameters.json"
        },
        {
            "name": "resources/lion/UI5/sap/makit/themes/lion/library.less"
        },
        {
            "name": "resources/lion/UI5/sap/makit/themes/lion/.theming"
        },
        {
            "name": "resources/lion/UI5/sap/makit/themes/lion/library.css"
        },
        {
            "name": "resources/lion/UI5/sap/makit/themes/lion/library-parameters.json"
        },
        {
            "name": "resources/lion/UI5/sap/ovp/themes/lion/library.less"
        },
        {
            "name": "resources/lion/UI5/sap/ovp/themes/lion/.theming"
        },
        {
            "name": "resources/lion/UI5/sap/ovp/themes/lion/library.css"
        },
        {
            "name": "resources/lion/UI5/sap/ovp/themes/lion/library-parameters.json"
        },
        {
            "name": "resources/lion/UI5/sap/suite/ui/commons/themes/lion/library.less"
        },
        {
            "name": "resources/lion/UI5/sap/suite/ui/commons/themes/lion/.theming"
        },
        {
            "name": "resources/lion/UI5/sap/suite/ui/commons/themes/lion/library.css"
        },
        {
            "name": "resources/lion/UI5/sap/suite/ui/commons/themes/lion/library-parameters.json"
        },
        {
            "name": "resources/lion/UI5/sap/suite/ui/generic/template/themes/lion/library.less"
        },
        {
            "name": "resources/lion/UI5/sap/suite/ui/generic/template/themes/lion/.theming"
        },
        {
            "name": "resources/lion/UI5/sap/suite/ui/generic/template/themes/lion/library.css"
        },
        {
            "name": "resources/lion/UI5/sap/suite/ui/generic/template/themes/lion/library-parameters.json"
        },
        {
            "name": "resources/lion/UI5/sap/suite/ui/microchart/themes/lion/library.less"
        },
        {
            "name": "resources/lion/UI5/sap/suite/ui/microchart/themes/lion/.theming"
        },
        {
            "name": "resources/lion/UI5/sap/suite/ui/microchart/themes/lion/library.css"
        },
        {
            "name": "resources/lion/UI5/sap/suite/ui/microchart/themes/lion/library-parameters.json"
        },
        {
            "name": "resources/lion/UI5/sap/tnt/themes/lion/library.less"
        },
        {
            "name": "resources/lion/UI5/sap/tnt/themes/lion/.theming"
        },
        {
            "name": "resources/lion/UI5/sap/tnt/themes/lion/library.css"
        },
        {
            "name": "resources/lion/UI5/sap/tnt/themes/lion/library-parameters.json"
        },
        {
            "name": "resources/lion/UI5/sap/uiext/inbox/themes/lion/library.less"
        },
        {
            "name": "resources/lion/UI5/sap/uiext/inbox/themes/lion/.theming"
        },
        {
            "name": "resources/lion/UI5/sap/uiext/inbox/themes/lion/library.css"
        },
        {
            "name": "resources/lion/UI5/sap/uiext/inbox/themes/lion/library-parameters.json"
        },
        {
            "name": "resources/lion/UI5/sap/uxap/themes/lion/library.less"
        },
        {
            "name": "resources/lion/UI5/sap/uxap/themes/lion/.theming"
        },
        {
            "name": "resources/lion/UI5/sap/uxap/themes/lion/library.css"
        },
        {
            "name": "resources/lion/UI5/sap/uxap/themes/lion/library-parameters.json"
        },
        {
            "name": "resources/lion/UR/baseLib/lion/base.less"
        },
        {
            "name": "resources/lion/UR/baseLib/lion/standards.less"
        },
        {
            "name": "resources/lion/UR/baseLib/lion/.theming"
        },
        {
            "name": "resources/lion/UR/ls/lion/base.less"
        },
        {
            "name": "resources/lion/UR/ls/lion/standards.less"
        },
        {
            "name": "resources/lion/UR/ls/lion/custom.less"
        },
        {
            "name": "resources/lion/UR/ls/lion/.theming"
        },
        {
            "name": "resources/lion/UR/ls/lion/standards.css"
        },
        {
            "name": "resources/lion/UR/ls/lion/standards-ie_split_1.css"
        },
        {
            "name": "resources/lion/exportedThemeInfo.json"
        },
        {
            "name": "resources/lion/neo-app.json"
        },
        {
            "name": "resources/lion/.project.json"
        },
        {
            "name": "Component-preload.js",
            "merged": true
        },
        {
            "name": "neo-app.json"
        }
    ]
}