<core:FragmentDefinition
	xmlns="sap.m"
	xmlns:core="sap.ui.core">
	<TableSelectDialog
		noDataText="No Farmers Found"
		title="Select Farmer"
		search="handleFarmerSearch"
		confirm="handleFarmerClose"
		cancel="handleFarmerClose"
		items="{
			path : '/results',
			sorter : {
				path : 'Name',
				descending : false
			}
		}">
		<ColumnListItem>
			<cells>
				<ObjectIdentifier
					title="{Lifnr}"
					text="{Name}" />
				<ObjectIdentifier
					title="{ZzFrZone}"
					text="{Vtext}" />

			</cells>
		</ColumnListItem>
		<columns>
			<Column width="12em">
				<header>
					<Text text="Farmer" />
				</header>
			</Column>

			<Column width="12em">
				<header>
					<Text text="Zone" />
				</header>
			</Column>


		</columns>
	</TableSelectDialog>
</core:FragmentDefinition>