[{
	"ProductID": "ProductID 1",
	"TypeCode": "TypeCode 1",
	"Category": "Category 1",
	"Name": "Name 1",
	"NameLanguage": "NameLanguage 1",
	"Description": "Description 1",
	"DescriptionLanguage": "DescriptionLanguage 1",
	"SupplierID": "BusinessPartnerID 1",
	"SupplierName": "SupplierName 1",
	"TaxTarifCode": 3,
	"MeasureUnit": "MeasureUnit 1",
	"WeightMeasure": 7403.17,
	"WeightUnit": "WeightUnit 1",
	"CurrencyCode": "CurrencyCode 1",
	"Price": 1397.37,
	"Width": 7688.78,
	"Depth": 5045.29,
	"Height": 8124.17,
	"DimUnit": "DimUnit 1",
	"CreatedAt": "/Date(1373351540000)/",
	"ChangedAt": "/Date(1350365540000)/",
	"__metadata": {
		"uri": "ProductSet('ProductID%201')",
		"type": "/IWBEP/GWSAMPLE_BASIC.Product"
	},
	"ToSalesOrderLineItems": {
		"__deferred": {
			"uri": "ProductSet('ProductID%201')/ToSalesOrderLineItems"
		}
	},
	"ToSupplier": {
		"__deferred": {
			"uri": "ProductSet('ProductID%201')/ToSupplier"
		}
	}
}, {
	"ProductID": "ProductID 2",
	"TypeCode": "TypeCode 2",
	"Category": "Category 2",
	"Name": "Name 2",
	"NameLanguage": "NameLanguage 2",
	"Description": "Description 2",
	"DescriptionLanguage": "DescriptionLanguage 2",
	"SupplierID": "BusinessPartnerID 2",
	"SupplierName": "SupplierName 2",
	"TaxTarifCode": 3,
	"MeasureUnit": "MeasureUnit 2",
	"WeightMeasure": 781.93,
	"WeightUnit": "WeightUnit 2",
	"CurrencyCode": "CurrencyCode 2",
	"Price": 6959.5,
	"Width": 8679.28,
	"Depth": 2415.6,
	"Height": 7820.63,
	"DimUnit": "DimUnit 2",
	"CreatedAt": "/Date(1363498340000)/",
	"ChangedAt": "/Date(978586340000)/",
	"__metadata": {
		"uri": "ProductSet('ProductID%202')",
		"type": "/IWBEP/GWSAMPLE_BASIC.Product"
	},
	"ToSalesOrderLineItems": {
		"__deferred": {
			"uri": "ProductSet('ProductID%202')/ToSalesOrderLineItems"
		}
	},
	"ToSupplier": {
		"__deferred": {
			"uri": "ProductSet('ProductID%202')/ToSupplier"
		}
	}
}, {
	"ProductID": "ProductID 3",
	"TypeCode": "TypeCode 3",
	"Category": "Category 3",
	"Name": "Name 3",
	"NameLanguage": "NameLanguage 3",
	"Description": "Description 3",
	"DescriptionLanguage": "DescriptionLanguage 3",
	"SupplierID": "BusinessPartnerID 3",
	"SupplierName": "SupplierName 3",
	"TaxTarifCode": 5,
	"MeasureUnit": "MeasureUnit 3",
	"WeightMeasure": 7260.06,
	"WeightUnit": "WeightUnit 3",
	"CurrencyCode": "CurrencyCode 3",
	"Price": 9273.16,
	"Width": 6889.08,
	"Depth": 3722.1,
	"Height": 1433.92,
	"DimUnit": "DimUnit 3",
	"CreatedAt": "/Date(1153290740000)/",
	"ChangedAt": "/Date(1156573940000)/",
	"__metadata": {
		"uri": "ProductSet('ProductID%203')",
		"type": "/IWBEP/GWSAMPLE_BASIC.Product"
	},
	"ToSalesOrderLineItems": {
		"__deferred": {
			"uri": "ProductSet('ProductID%203')/ToSalesOrderLineItems"
		}
	},
	"ToSupplier": {
		"__deferred": {
			"uri": "ProductSet('ProductID%203')/ToSupplier"
		}
	}
}, {
	"ProductID": "ProductID 4",
	"TypeCode": "TypeCode 4",
	"Category": "Category 4",
	"Name": "Name 4",
	"NameLanguage": "NameLanguage 4",
	"Description": "Description 4",
	"DescriptionLanguage": "DescriptionLanguage 4",
	"SupplierID": "BusinessPartnerID 4",
	"SupplierName": "SupplierName 4",
	"TaxTarifCode": 8,
	"MeasureUnit": "MeasureUnit 4",
	"WeightMeasure": 7370.01,
	"WeightUnit": "WeightUnit 4",
	"CurrencyCode": "CurrencyCode 4",
	"Price": 6185.08,
	"Width": 490.26,
	"Depth": 7463.09,
	"Height": 2639.9,
	"DimUnit": "DimUnit 4",
	"CreatedAt": "/Date(1543901540000)/",
	"ChangedAt": "/Date(1049434340000)/",
	"__metadata": {
		"uri": "ProductSet('ProductID%204')",
		"type": "/IWBEP/GWSAMPLE_BASIC.Product"
	},
	"ToSalesOrderLineItems": {
		"__deferred": {
			"uri": "ProductSet('ProductID%204')/ToSalesOrderLineItems"
		}
	},
	"ToSupplier": {
		"__deferred": {
			"uri": "ProductSet('ProductID%204')/ToSupplier"
		}
	}
}, {
	"ProductID": "ProductID 5",
	"TypeCode": "TypeCode 5",
	"Category": "Category 5",
	"Name": "Name 5",
	"NameLanguage": "NameLanguage 5",
	"Description": "Description 5",
	"DescriptionLanguage": "DescriptionLanguage 5",
	"SupplierID": "BusinessPartnerID 5",
	"SupplierName": "SupplierName 5",
	"TaxTarifCode": 3,
	"MeasureUnit": "MeasureUnit 5",
	"WeightMeasure": 5868.34,
	"WeightUnit": "WeightUnit 5",
	"CurrencyCode": "CurrencyCode 5",
	"Price": 4534.08,
	"Width": 4988.49,
	"Depth": 5353.14,
	"Height": 623.92,
	"DimUnit": "DimUnit 5",
	"CreatedAt": "/Date(1000189940000)/",
	"ChangedAt": "/Date(1517895140000)/",
	"__metadata": {
		"uri": "ProductSet('ProductID%205')",
		"type": "/IWBEP/GWSAMPLE_BASIC.Product"
	},
	"ToSalesOrderLineItems": {
		"__deferred": {
			"uri": "ProductSet('ProductID%205')/ToSalesOrderLineItems"
		}
	},
	"ToSupplier": {
		"__deferred": {
			"uri": "ProductSet('ProductID%205')/ToSupplier"
		}
	}
}, {
	"ProductID": "ProductID 6",
	"TypeCode": "TypeCode 6",
	"Category": "Category 6",
	"Name": "Name 6",
	"NameLanguage": "NameLanguage 6",
	"Description": "Description 6",
	"DescriptionLanguage": "DescriptionLanguage 6",
	"SupplierID": "BusinessPartnerID 6",
	"SupplierName": "SupplierName 6",
	"TaxTarifCode": 5,
	"MeasureUnit": "MeasureUnit 6",
	"WeightMeasure": 6154.76,
	"WeightUnit": "WeightUnit 6",
	"CurrencyCode": "CurrencyCode 6",
	"Price": 4783.62,
	"Width": 3268.08,
	"Depth": 3525.32,
	"Height": 2468.13,
	"DimUnit": "DimUnit 6",
	"CreatedAt": "/Date(1054621940000)/",
	"ChangedAt": "/Date(964333940000)/",
	"__metadata": {
		"uri": "ProductSet('ProductID%206')",
		"type": "/IWBEP/GWSAMPLE_BASIC.Product"
	},
	"ToSalesOrderLineItems": {
		"__deferred": {
			"uri": "ProductSet('ProductID%206')/ToSalesOrderLineItems"
		}
	},
	"ToSupplier": {
		"__deferred": {
			"uri": "ProductSet('ProductID%206')/ToSupplier"
		}
	}
}, {
	"ProductID": "ProductID 7",
	"TypeCode": "TypeCode 7",
	"Category": "Category 7",
	"Name": "Name 7",
	"NameLanguage": "NameLanguage 7",
	"Description": "Description 7",
	"DescriptionLanguage": "DescriptionLanguage 7",
	"SupplierID": "BusinessPartnerID 7",
	"SupplierName": "SupplierName 7",
	"TaxTarifCode": 2,
	"MeasureUnit": "MeasureUnit 7",
	"WeightMeasure": 1067.05,
	"WeightUnit": "WeightUnit 7",
	"CurrencyCode": "CurrencyCode 7",
	"Price": 8609.8,
	"Width": 9949.36,
	"Depth": 9089.98,
	"Height": 7804.71,
	"DimUnit": "DimUnit 7",
	"CreatedAt": "/Date(975475940000)/",
	"ChangedAt": "/Date(1082529140000)/",
	"__metadata": {
		"uri": "ProductSet('ProductID%207')",
		"type": "/IWBEP/GWSAMPLE_BASIC.Product"
	},
	"ToSalesOrderLineItems": {
		"__deferred": {
			"uri": "ProductSet('ProductID%207')/ToSalesOrderLineItems"
		}
	},
	"ToSupplier": {
		"__deferred": {
			"uri": "ProductSet('ProductID%207')/ToSupplier"
		}
	}
}, {
	"ProductID": "ProductID 8",
	"TypeCode": "TypeCode 8",
	"Category": "Category 8",
	"Name": "Name 8",
	"NameLanguage": "NameLanguage 8",
	"Description": "Description 8",
	"DescriptionLanguage": "DescriptionLanguage 8",
	"SupplierID": "BusinessPartnerID 8",
	"SupplierName": "SupplierName 8",
	"TaxTarifCode": 3,
	"MeasureUnit": "MeasureUnit 8",
	"WeightMeasure": 6882.04,
	"WeightUnit": "WeightUnit 8",
	"CurrencyCode": "CurrencyCode 8",
	"Price": 6859.8,
	"Width": 3450.61,
	"Depth": 782.55,
	"Height": 4437.27,
	"DimUnit": "DimUnit 8",
	"CreatedAt": "/Date(1282285940000)/",
	"ChangedAt": "/Date(1279866740000)/",
	"__metadata": {
		"uri": "ProductSet('ProductID%208')",
		"type": "/IWBEP/GWSAMPLE_BASIC.Product"
	},
	"ToSalesOrderLineItems": {
		"__deferred": {
			"uri": "ProductSet('ProductID%208')/ToSalesOrderLineItems"
		}
	},
	"ToSupplier": {
		"__deferred": {
			"uri": "ProductSet('ProductID%208')/ToSupplier"
		}
	}
}, {
	"ProductID": "ProductID 9",
	"TypeCode": "TypeCode 9",
	"Category": "Category 9",
	"Name": "Name 9",
	"NameLanguage": "NameLanguage 9",
	"Description": "Description 9",
	"DescriptionLanguage": "DescriptionLanguage 9",
	"SupplierID": "BusinessPartnerID 9",
	"SupplierName": "SupplierName 9",
	"TaxTarifCode": 5,
	"MeasureUnit": "MeasureUnit 9",
	"WeightMeasure": 5555.75,
	"WeightUnit": "WeightUnit 9",
	"CurrencyCode": "CurrencyCode 9",
	"Price": 5674.81,
	"Width": 6786.31,
	"Depth": 9464.2,
	"Height": 9700.08,
	"DimUnit": "DimUnit 9",
	"CreatedAt": "/Date(1434263540000)/",
	"ChangedAt": "/Date(1479792740000)/",
	"__metadata": {
		"uri": "ProductSet('ProductID%209')",
		"type": "/IWBEP/GWSAMPLE_BASIC.Product"
	},
	"ToSalesOrderLineItems": {
		"__deferred": {
			"uri": "ProductSet('ProductID%209')/ToSalesOrderLineItems"
		}
	},
	"ToSupplier": {
		"__deferred": {
			"uri": "ProductSet('ProductID%209')/ToSupplier"
		}
	}
}, {
	"ProductID": "ProductID 10",
	"TypeCode": "TypeCode 10",
	"Category": "Category 10",
	"Name": "Name 10",
	"NameLanguage": "NameLanguage 10",
	"Description": "Description 10",
	"DescriptionLanguage": "DescriptionLanguage 10",
	"SupplierID": "BusinessPartnerID 10",
	"SupplierName": "SupplierName 10",
	"TaxTarifCode": 0,
	"MeasureUnit": "MeasureUnit 10",
	"WeightMeasure": 42.64,
	"WeightUnit": "WeightUnit 10",
	"CurrencyCode": "CurrencyCode 10",
	"Price": 9951.97,
	"Width": 4696.72,
	"Depth": 3738.87,
	"Height": 7558.15,
	"DimUnit": "DimUnit 10",
	"CreatedAt": "/Date(1129699940000)/",
	"ChangedAt": "/Date(1084602740000)/",
	"__metadata": {
		"uri": "ProductSet('ProductID%2010')",
		"type": "/IWBEP/GWSAMPLE_BASIC.Product"
	},
	"ToSalesOrderLineItems": {
		"__deferred": {
			"uri": "ProductSet('ProductID%2010')/ToSalesOrderLineItems"
		}
	},
	"ToSupplier": {
		"__deferred": {
			"uri": "ProductSet('ProductID%2010')/ToSupplier"
		}
	}
}]